tag,method,topology,scheme,nodes,gossip_k,components,node,round,test_acc,hinge_loss,primal,duality_gap,comm_bytes,wall_time
covtype,cocoa_plus,ring,dirichlet_0.1,10,2,1,0,1,0.5175,nan,nan,nan,432,0.004
covtype,cocoa_plus,ring,dirichlet_0.1,10,2,1,0,2,0.5175,nan,nan,nan,864,0.007
covtype,cocoa_plus,ring,dirichlet_0.1,10,2,1,0,3,0.5175,nan,nan,nan,1296,0.01
covtype,cocoa_plus,ring,dirichlet_0.1,10,2,1,0,4,0.5175,nan,nan,nan,1728,0.016
covtype,cocoa_plus,ring,dirichlet_0.1,10,2,1,0,5,0.5175,nan,nan,nan,2160,0.022
covtype,cocoa_plus,ring,dirichlet_0.1,10,2,1,0,6,0.5175,nan,nan,nan,2592,0.027
covtype,cocoa_plus,ring,dirichlet_0.1,10,2,1,0,7,0.5175,nan,nan,nan,3024,0.028
covtype,cocoa_plus,ring,dirichlet_0.1,10,2,1,0,8,0.5175,nan,nan,nan,3456,0.036
covtype,cocoa_plus,ring,dirichlet_0.1,10,2,1,0,9,0.5175,nan,nan,nan,3888,0.037
covtype,cocoa_plus,ring,dirichlet_0.1,10,2,1,0,10,0.5175,nan,nan,nan,4320,0.043
covtype,cocoa_plus,ring,dirichlet_0.1,10,2,1,0,11,0.5175,nan,nan,nan,4752,0.045
covtype,cocoa_plus,ring,dirichlet_0.1,10,2,1,0,12,0.5175,nan,nan,nan,5184,0.053
covtype,cocoa_plus,ring,dirichlet_0.1,10,2,1,0,13,0.5175,nan,nan,nan,5616,0.057
covtype,cocoa_plus,ring,dirichlet_0.1,10,2,1,0,14,0.5175,nan,nan,nan,6048,0.059
covtype,cocoa_plus,ring,dirichlet_0.1,10,2,1,0,15,0.5175,nan,nan,nan,6480,0.065
covtype,cocoa_plus,ring,dirichlet_0.1,10,2,1,0,16,0.5175,nan,nan,nan,6912,0.069
covtype,cocoa_plus,ring,dirichlet_0.1,10,2,1,0,17,0.5175,nan,nan,nan,7344,0.071
covtype,cocoa_plus,ring,dirichlet_0.1,10,2,1,0,18,0.5175,nan,nan,nan,7776,0.077
covtype,cocoa_plus,ring,dirichlet_0.1,10,2,1,0,19,0.5175,nan,nan,nan,8208,0.08
covtype,cocoa_plus,ring,dirichlet_0.1,10,2,1,0,20,0.5175,nan,nan,nan,8640,0.084
covtype,cocoa_plus,ring,dirichlet_0.1,10,2,1,0,21,0.5175,nan,nan,nan,9072,0.09
covtype,cocoa_plus,ring,dirichlet_0.1,10,2,1,0,22,0.5175,nan,nan,nan,9504,0.095
covtype,cocoa_plus,ring,dirichlet_0.1,10,2,1,0,23,0.5175,nan,nan,nan,9936,0.096
covtype,cocoa_plus,ring,dirichlet_0.1,10,2,1,0,24,0.5175,nan,nan,nan,10368,0.104
covtype,cocoa_plus,ring,dirichlet_0.1,10,2,1,0,25,0.5175,nan,nan,nan,10800,0.106
covtype,cocoa_plus,ring,dirichlet_0.1,10,2,1,0,26,0.5175,nan,nan,nan,11232,0.11
covtype,cocoa_plus,ring,dirichlet_0.1,10,2,1,0,27,0.5175,nan,nan,nan,11664,0.117
covtype,cocoa_plus,ring,dirichlet_0.1,10,2,1,0,28,0.5175,nan,nan,nan,12096,0.118
covtype,cocoa_plus,ring,dirichlet_0.1,10,2,1,0,29,0.5175,nan,nan,nan,12528,0.123
covtype,cocoa_plus,ring,dirichlet_0.1,10,2,1,0,30,0.5175,nan,nan,nan,12960,0.128
covtype,cocoa_plus,ring,dirichlet_0.1,10,2,1,0,31,0.5175,nan,nan,nan,13392,0.133
covtype,cocoa_plus,ring,dirichlet_0.1,10,2,1,0,32,0.5175,nan,nan,nan,13824,0.136
covtype,cocoa_plus,ring,dirichlet_0.1,10,2,1,0,33,0.5175,nan,nan,nan,14256,0.14
covtype,cocoa_plus,ring,dirichlet_0.1,10,2,1,0,34,0.5175,nan,nan,nan,14688,0.143
covtype,cocoa_plus,ring,dirichlet_0.1,10,2,1,0,35,0.5175,nan,nan,nan,15120,0.148
covtype,cocoa_plus,ring,dirichlet_0.1,10,2,1,0,36,0.5175,nan,nan,nan,15552,0.152
covtype,cocoa_plus,ring,dirichlet_0.1,10,2,1,0,37,0.5175,nan,nan,nan,15984,0.156
covtype,cocoa_plus,ring,dirichlet_0.1,10,2,1,0,38,0.5175,nan,nan,nan,16416,0.16
covtype,cocoa_plus,ring,dirichlet_0.1,10,2,1,0,39,0.5175,nan,nan,nan,16848,0.166
covtype,cocoa_plus,ring,dirichlet_0.1,10,2,1,0,40,0.5175,nan,nan,nan,17280,0.17
covtype,cocoa_plus,ring,dirichlet_0.1,10,2,1,0,41,0.5175,nan,nan,nan,17712,0.174
covtype,cocoa_plus,ring,dirichlet_0.1,10,2,1,0,42,0.5175,nan,nan,nan,18144,0.175
covtype,cocoa_plus,ring,dirichlet_0.1,10,2,1,0,43,0.5175,nan,nan,nan,18576,0.179
covtype,cocoa_plus,ring,dirichlet_0.1,10,2,1,0,44,0.5175,nan,nan,nan,19008,0.187
covtype,cocoa_plus,ring,dirichlet_0.1,10,2,1,0,45,0.5175,nan,nan,nan,19440,0.19
covtype,cocoa_plus,ring,dirichlet_0.1,10,2,1,0,46,0.5175,nan,nan,nan,19872,0.192
covtype,cocoa_plus,ring,dirichlet_0.1,10,2,1,0,47,0.5175,nan,nan,nan,20304,0.196
covtype,cocoa_plus,ring,dirichlet_0.1,10,2,1,0,48,0.5175,nan,nan,nan,20736,0.2
covtype,cocoa_plus,ring,dirichlet_0.1,10,2,1,0,49,0.5175,nan,nan,nan,21168,0.207
covtype,cocoa_plus,ring,dirichlet_0.1,10,2,1,0,50,0.5175,nan,nan,nan,21600,0.21
covtype,cocoa_plus,ring,dirichlet_0.1,10,2,1,0,51,0.5175,nan,nan,nan,22032,0.214
covtype,cocoa_plus,ring,dirichlet_0.1,10,2,1,0,52,0.5175,nan,nan,nan,22464,0.219
covtype,cocoa_plus,ring,dirichlet_0.1,10,2,1,0,53,0.5175,nan,nan,nan,22896,0.222
covtype,cocoa_plus,ring,dirichlet_0.1,10,2,1,0,54,0.5175,nan,nan,nan,23328,0.224
covtype,cocoa_plus,ring,dirichlet_0.1,10,2,1,0,55,0.5175,nan,nan,nan,23760,0.23
covtype,cocoa_plus,ring,dirichlet_0.1,10,2,1,0,56,0.5175,nan,nan,nan,24192,0.234
covtype,cocoa_plus,ring,dirichlet_0.1,10,2,1,0,57,0.5175,nan,nan,nan,24624,0.238
covtype,cocoa_plus,ring,dirichlet_0.1,10,2,1,0,58,0.5175,nan,nan,nan,25056,0.242
covtype,cocoa_plus,ring,dirichlet_0.1,10,2,1,0,59,0.5175,nan,nan,nan,25488,0.245
covtype,cocoa_plus,ring,dirichlet_0.1,10,2,1,0,60,0.5175,nan,nan,nan,25920,0.25
covtype,cocoa_plus,ring,dirichlet_0.1,10,2,1,1,1,0.4825,0.872406562185631,0.8724342875186151,-0.12756523841603817,432,0.005
covtype,cocoa_plus,ring,dirichlet_0.1,10,2,1,1,2,0.4825,0.872406562185631,0.8724342875186151,-0.12756523841603817,864,0.006
covtype,cocoa_plus,ring,dirichlet_0.1,10,2,1,1,3,0.4825,0.864694427691344,0.8647583748531782,-0.13524115108147505,1296,0.012
covtype,cocoa_plus,ring,dirichlet_0.1,10,2,1,1,4,0.4825,0.8488160038093311,0.8489067584148116,-0.1510927675198417,1728,0.017
covtype,cocoa_plus,ring,dirichlet_0.1,10,2,1,1,5,0.48333333333333334,0.8881987966403521,0.8882997637799398,-0.11169976215471344,2160,0.023
covtype,cocoa_plus,ring,dirichlet_0.1,10,2,1,1,6,0.48333333333333334,0.8881987966403521,0.8882997637799398,-0.11169976215471344,2592,0.024
covtype,cocoa_plus,ring,dirichlet_0.1,10,2,1,1,7,0.48283333333333334,0.8335329679493931,0.8337061711454204,-0.1662933547892328,3024,0.031
covtype,cocoa_plus,ring,dirichlet_0.1,10,2,1,1,8,0.4825,0.8087193274943973,0.8089191556894337,-0.1910803702452195,3456,0.035
covtype,cocoa_plus,ring,dirichlet_0.1,10,2,1,1,9,0.4825,0.8087193274943973,0.8089191556894337,-0.1910803702452195,3888,0.038
covtype,cocoa_plus,ring,dirichlet_0.1,10,2,1,1,10,0.4825,0.7981601728588157,0.7983775302036247,-0.20162199573102857,4320,0.045
covtype,cocoa_plus,ring,dirichlet_0.1,10,2,1,1,11,0.4825,0.7981601728588157,0.7983775302036247,-0.20162199573102857,4752,0.046
covtype,cocoa_plus,ring,dirichlet_0.1,10,2,1,1,12,0.4825,0.7821254121088207,0.7823929283483669,-0.2176065975862863,5184,0.052
covtype,cocoa_plus,ring,dirichlet_0.1,10,2,1,1,13,0.4825,0.7151010924963289,0.7154876047234525,-0.2845119212112007,5616,0.054
covtype,cocoa_plus,ring,dirichlet_0.1,10,2,1,1,14,0.4825,0.6479517953120714,0.6484902895753814,-0.3515092363592719,6048,0.061
covtype,cocoa_plus,ring,dirichlet_0.1,10,2,1,1,15,0.4825,0.6090828889791242,0.6096873797868698,-0.3903121461477834,6480,0.064
covtype,cocoa_plus,ring,dirichlet_0.1,10,2,1,1,16,0.4825,0.5884489997225937,0.5890931250579778,-0.4109064008766754,6912,0.069
covtype,cocoa_plus,ring,dirichlet_0.1,10,2,1,1,17,0.4825,0.5884489997225937,0.5890931250579778,-0.4109064008766754,7344,0.072
covtype,cocoa_plus,ring,dirichlet_0.1,10,2,1,1,18,0.4825,0.5929710210018235,0.5936951885648447,-0.40630433736980853,7776,0.078
covtype,cocoa_plus,ring,dirichlet_0.1,10,2,1,1,19,0.4825,0.5643933897660606,0.5651862169322118,-0.4348133090024414,8208,0.083
covtype,cocoa_plus,ring,dirichlet_0.1,10,2,1,1,20,0.4825,0.5643933897660606,0.5651862169322118,-0.4348133090024414,8640,0.084
covtype,cocoa_plus,ring,dirichlet_0.1,10,2,1,1,21,0.4825,0.6099751186026356,0.6108577011088006,-0.3891418248258527,9072,0.091
covtype,cocoa_plus,ring,dirichlet_0.1,10,2,1,1,22,0.4825,0.6027040191541286,0.6036521409835527,-0.39634738495110056,9504,0.095
covtype,cocoa_plus,ring,dirichlet_0.1,10,2,1,1,23,0.4825,0.6177095399394216,0.6187023385351108,-0.38129718739954244,9936,0.099
covtype,cocoa_plus,ring,dirichlet_0.1,10,2,1,1,24,0.4825,0.587227763488986,0.5882846469731111,-0.41171487896154213,10368,0.102
covtype,cocoa_plus,ring,dirichlet_0.1,10,2,1,1,25,0.4825,0.587227763488986,0.5882846469731111,-0.41171487896154213,10800,0.107
covtype,cocoa_plus,ring,dirichlet_0.1,10,2,1,1,26,0.4825,0.587227763488986,0.5882846469731111,-0.41171487896154213,11232,0.11
covtype,cocoa_plus,ring,dirichlet_0.1,10,2,1,1,27,0.4825,0.5747976849540971,0.5758923715200178,-0.4241071544146354,11664,0.115
covtype,cocoa_plus,ring,dirichlet_0.1,10,2,1,1,28,0.4825,0.5875441330499319,0.5886541685103742,-0.411345357424279,12096,0.121
covtype,cocoa_plus,ring,dirichlet_0.1,10,2,1,1,29,0.4825,0.5653265052749826,0.5664523244411735,-0.4335472014934797,12528,0.125
covtype,cocoa_plus,ring,dirichlet_0.1,10,2,1,1,30,0.4825,0.5653265052749826,0.5664523244411735,-0.4335472014934797,12960,0.126
covtype,cocoa_plus,ring,dirichlet_0.1,10,2,1,1,31,0.4825,0.5550704581569323,0.5562696695001239,-0.44372985643452934,13392,0.134
covtype,cocoa_plus,ring,dirichlet_0.1,10,2,1,1,32,0.4825,0.5550704581569323,0.5562696695001239,-0.44372985643452934,13824,0.136
covtype,cocoa_plus,ring,dirichlet_0.1,10,2,1,1,33,0.4825,0.5561131901053964,0.5573205098921685,-0.4426790160424847,14256,0.141
covtype,cocoa_plus,ring,dirichlet_0.1,10,2,1,1,34,0.4825,0.5369237659787713,0.5381916568903207,-0.4618078690443326,14688,0.146
covtype,cocoa_plus,ring,dirichlet_0.1,10,2,1,1,35,0.4825,0.4929702805188352,0.49436060949888616,-0.5056389164357671,15120,0.15
covtype,cocoa_plus,ring,dirichlet_0.1,10,2,1,1,36,0.4825,0.4929702805188352,0.49436060949888616,-0.5056389164357671,15552,0.153
covtype,cocoa_plus,ring,dirichlet_0.1,10,2,1,1,37,0.4825,0.5006453994127272,0.5020129945759012,-0.49798653135875204,15984,0.155
covtype,cocoa_plus,ring,dirichlet_0.1,10,2,1,1,38,0.4825,0.5071056138561101,0.5084537623054342,-0.4915457636292191,16416,0.16
covtype,cocoa_plus,ring,dirichlet_0.1,10,2,1,1,39,0.4825,0.5451432319686664,0.5464574560618876,-0.4535420698727657,16848,0.164
covtype,cocoa_plus,ring,dirichlet_0.1,10,2,1,1,40,0.48283333333333334,0.5466069829819893,0.5479197301140224,-0.45207979582063085,17280,0.168
covtype,cocoa_plus,ring,dirichlet_0.1,10,2,1,1,41,0.48283333333333334,0.5466069829819893,0.5479197301140224,-0.45207979582063085,17712,0.173
covtype,cocoa_plus,ring,dirichlet_0.1,10,2,1,1,42,0.48383333333333334,0.5959031260068428,0.5970430104722169,-0.4029565154624364,18144,0.179
covtype,cocoa_plus,ring,dirichlet_0.1,10,2,1,1,43,0.48383333333333334,0.5959031260068428,0.5970430104722169,-0.4029565154624364,18576,0.18
covtype,cocoa_plus,ring,dirichlet_0.1,10,2,1,1,44,0.48683333333333334,0.6195724460145013,0.62067621856346,-0.37932330737119324,19008,0.185
covtype,cocoa_plus,ring,dirichlet_0.1,10,2,1,1,45,0.48683333333333334,0.6195724460145013,0.62067621856346,-0.37932330737119324,19440,0.188
covtype,cocoa_plus,ring,dirichlet_0.1,10,2,1,1,46,0.5171666666666667,0.7249839237664073,0.7259763622895061,-0.2740231636451471,19872,0.195
covtype,cocoa_plus,ring,dirichlet_0.1,10,2,1,1,47,0.5171666666666667,0.7249839237664073,0.7259763622895061,-0.2740231636451471,20304,0.197
covtype,cocoa_plus,ring,dirichlet_0.1,10,2,1,1,48,0.5171666666666667,0.7249839237664073,0.7259763622895061,-0.2740231636451471,20736,0.202
covtype,cocoa_plus,ring,dirichlet_0.1,10,2,1,1,49,0.5743333333333334,0.9097800351663436,0.9105981606042888,-0.08940136533036447,21168,0.207
covtype,cocoa_plus,ring,dirichlet_0.1,10,2,1,1,50,0.5743333333333334,0.9097800351663436,0.9105981606042888,-0.08940136533036447,21600,0.209
covtype,cocoa_plus,ring,dirichlet_0.1,10,2,1,1,51,0.6111666666666666,0.9706273664287522,0.9714476126046151,-0.028551913330038148,22032,0.214
covtype,cocoa_plus,ring,dirichlet_0.1,10,2,1,1,52,0.6338333333333334,1.008971816984592,1.0097748148335424,0.009775288898889123,22464,0.217
covtype,cocoa_plus,ring,dirichlet_0.1,10,2,1,1,53,0.6338333333333334,1.008971816984592,1.0097748148335424,0.009775288898889123,22896,0.222
covtype,cocoa_plus,ring,dirichlet_0.1,10,2,1,1,54,0.5863333333333334,1.0916246077716056,1.092423759549361,0.09242423361470786,23328,0.228
covtype,cocoa_plus,ring,dirichlet_0.1,10,2,1,1,55,0.5863333333333334,1.0916246077716056,1.092423759549361,0.09242423361470786,23760,0.228
covtype,cocoa_plus,ring,dirichlet_0.1,10,2,1,1,56,0.5353333333333333,1.167593373134362,1.1684505077168368,0.16845098178218354,24192,0.233
covtype,cocoa_plus,ring,dirichlet_0.1,10,2,1,1,57,0.5353333333333333,1.167593373134362,1.1684505077168368,0.16845098178218354,24624,0.239
covtype,cocoa_plus,ring,dirichlet_0.1,10,2,1,1,58,0.5175,1.3089125909443298,1.3098626100524613,0.30986308411780805,25056,0.244
covtype,cocoa_plus,ring,dirichlet_0.1,10,2,1,1,59,0.5175,1.3089125909443298,1.3098626100524613,0.30986308411780805,25488,0.245
covtype,cocoa_plus,ring,dirichlet_0.1,10,2,1,1,60,0.5175,1.523068354559689,1.5242445805124931,0.5242450545778399,25920,0.25
covtype,cocoa_plus,ring,dirichlet_0.1,10,2,1,2,1,0.4825,0.465615074015673,0.4668951547755708,0.44429699873949574,432,0.002
covtype,cocoa_plus,ring,dirichlet_0.1,10,2,1,2,2,0.4825,0.43589973324261777,0.43737454959474675,0.3963463064086376,864,0.008
covtype,cocoa_plus,ring,dirichlet_0.1,10,2,1,2,3,0.4825,0.42911120670761926,0.43066503506999476,0.3772863639161936,1296,0.012
covtype,cocoa_plus,ring,dirichlet_0.1,10,2,1,2,4,0.4825,0.43269373652427756,0.4342164923566889,0.3680218684119736,1728,0.017
covtype,cocoa_plus,ring,dirichlet_0.1,10,2,1,2,5,0.4825,0.46117836587382394,0.46254025214603084,0.380304045440468,2160,0.022
covtype,cocoa_plus,ring,dirichlet_0.1,10,2,1,2,6,0.4825,0.4404826946418569,0.4419785870566801,0.34398704607132163,2592,0.026
covtype,cocoa_plus,ring,dirichlet_0.1,10,2,1,2,7,0.4825,0.43295674759946634,0.43452073971792926,0.3218029283372065,3024,0.03
covtype,cocoa_plus,ring,dirichlet_0.1,10,2,1,2,8,0.4825,0.4234027631512424,0.4250636274857959,0.30279962205895855,3456,0.033
covtype,cocoa_plus,ring,dirichlet_0.1,10,2,1,2,9,0.4825,0.44145398312135303,0.44299009877609724,0.3085430765627036,3888,0.039
covtype,cocoa_plus,ring,dirichlet_0.1,10,2,1,2,10,0.4825,0.42591337673649243,0.42758061422783933,0.27872074682243264,4320,0.042
covtype,cocoa_plus,ring,dirichlet_0.1,10,2,1,2,11,0.4825,0.41942316014066444,0.42118877696085827,0.2612347635681279,4752,0.046
covtype,cocoa_plus,ring,dirichlet_0.1,10,2,1,2,12,0.4825,0.4225271687283107,0.4242760049783551,0.25426360059273906,5184,0.052
covtype,cocoa_plus,ring,dirichlet_0.1,10,2,1,2,13,0.4825,0.4195032306035139,0.4212841790887617,0.24137884459916603,5616,0.056
covtype,cocoa_plus,ring,dirichlet_0.1,10,2,1,2,14,0.4825,0.43195371799776555,0.43365208797296734,0.24242024895568526,6048,0.059
covtype,cocoa_plus,ring,dirichlet_0.1,10,2,1,2,15,0.4825,0.4224064209259256,0.4241812617977291,0.2255160432016886,6480,0.063
covtype,cocoa_plus,ring,dirichlet_0.1,10,2,1,2,16,0.4825,0.4154332145614677,0.41729522222039633,0.21460941002898656,6912,0.067
covtype,cocoa_plus,ring,dirichlet_0.1,10,2,1,2,17,0.4825,0.4144454335327028,0.4163460432317807,0.20372840650864665,7344,0.074
covtype,cocoa_plus,ring,dirichlet_0.1,10,2,1,2,18,0.4825,0.4143920875287337,0.41631054043701865,0.1988603590954904,7776,0.075
covtype,cocoa_plus,ring,dirichlet_0.1,10,2,1,2,19,0.4825,0.41616137639039824,0.4180526051100127,0.19335048180298595,8208,0.082
covtype,cocoa_plus,ring,dirichlet_0.1,10,2,1,2,20,0.4825,0.41800782064202013,0.4199158550774935,0.18317523133595298,8640,0.086
covtype,cocoa_plus,ring,dirichlet_0.1,10,2,1,2,21,0.4825,0.41656592063891074,0.41849049571255525,0.1754786827144213,9072,0.089
covtype,cocoa_plus,ring,dirichlet_0.1,10,2,1,2,22,0.4825,0.41543053316171824,0.4173839864529258,0.1676281664661136,9504,0.094
covtype,cocoa_plus,ring,dirichlet_0.1,10,2,1,2,23,0.4825,0.4200732828072729,0.42201582670225674,0.1655058863033454,9936,0.099
covtype,cocoa_plus,ring,dirichlet_0.1,10,2,1,2,24,0.4825,0.41644262025434586,0.418427074247264,0.154975267013857,10368,0.101
covtype,cocoa_plus,ring,dirichlet_0.1,10,2,1,2,25,0.4825,0.41538481811204414,0.4173663058425621,0.14859341949700156,10800,0.107
covtype,cocoa_plus,ring,dirichlet_0.1,10,2,1,2,26,0.4825,0.4141109283525379,0.41613588928951634,0.1405657476515083,11232,0.112
covtype,cocoa_plus,ring,dirichlet_0.1,10,2,1,2,27,0.4825,0.41331242561980597,0.41534858827188126,0.13516787721187973,11664,0.115
covtype,cocoa_plus,ring,dirichlet_0.1,10,2,1,2,28,0.4825,0.41482381850307637,0.4168553091754561,0.13224937874770132,12096,0.118
covtype,cocoa_plus,ring,dirichlet_0.1,10,2,1,2,29,0.4825,0.41193052360731663,0.41400146230998935,0.12260377144870938,12528,0.122
covtype,cocoa_plus,ring,dirichlet_0.1,10,2,1,2,30,0.4825,0.4104814956859501,0.41259187846079487,0.11748643167196321,12960,0.128
covtype,cocoa_plus,ring,dirichlet_0.1,10,2,1,2,31,0.4825,0.41083524632130064,0.41295623895574607,0.1113497073935164,13392,0.133
covtype,cocoa_plus,ring,dirichlet_0.1,10,2,1,2,32,0.4825,0.41065278060483673,0.4127807104283098,0.10812214455307795,13824,0.136
covtype,cocoa_plus,ring,dirichlet_0.1,10,2,1,2,33,0.4825,0.41668644804745697,0.4187277006102332,0.10605823522660845,14256,0.142
covtype,cocoa_plus,ring,dirichlet_0.1,10,2,1,2,34,0.4825,0.4149396797969468,0.4170142667229749,0.09844347242720014,14688,0.144
covtype,cocoa_plus,ring,dirichlet_0.1,10,2,1,2,35,0.4825,0.4103746728376998,0.41251689729854,0.08901337315402064,15120,0.149
covtype,cocoa_plus,ring,dirichlet_0.1,10,2,1,2,36,0.4825,0.41072341293380726,0.4129327855194466,0.08765793236518288,15552,0.154
covtype,cocoa_plus,ring,dirichlet_0.1,10,2,1,2,37,0.4825,0.4104578552135704,0.41264148092097325,0.08601397141877093,15984,0.156
covtype,cocoa_plus,ring,dirichlet_0.1,10,2,1,2,38,0.4825,0.4116902858744164,0.4139591005890419,0.08564799053886046,16416,0.162
covtype,cocoa_plus,ring,dirichlet_0.1,10,2,1,2,39,0.4825,0.40977540978518834,0.41197088936632087,0.0752888144577506,16848,0.165
covtype,cocoa_plus,ring,dirichlet_0.1,10,2,1,2,40,0.4825,0.4101622673430598,0.41240779969181185,0.07186761209527576,17280,0.168
covtype,cocoa_plus,ring,dirichlet_0.1,10,2,1,2,41,0.4825,0.4107878707058807,0.41308042716123955,0.07096418035898211,17712,0.172
covtype,cocoa_plus,ring,dirichlet_0.1,10,2,1,2,42,0.4825,0.4159920621650468,0.4183832524331461,0.07627074753653945,18144,0.178
covtype,cocoa_plus,ring,dirichlet_0.1,10,2,1,2,43,0.4825,0.41269539920186543,0.4150094179859563,0.07266199925293648,18576,0.18
covtype,cocoa_plus,ring,dirichlet_0.1,10,2,1,2,44,0.4825,0.41222176839958913,0.4145289724635709,0.07008851356805845,19008,0.184
covtype,cocoa_plus,ring,dirichlet_0.1,10,2,1,2,45,0.4825,0.423347159250682,0.425891146025663,0.08048729444889408,19440,0.188
covtype,cocoa_plus,ring,dirichlet_0.1,10,2,1,2,46,0.4825,0.43152850657269576,0.434252915210428,0.08735153166866144,19872,0.195
covtype,cocoa_plus,ring,dirichlet_0.1,10,2,1,2,47,0.4825,0.4443204344698986,0.447320123899897,0.09936180802558997,20304,0.198
covtype,cocoa_plus,ring,dirichlet_0.1,10,2,1,2,48,0.4825,0.4288475692642592,0.43153540346750247,0.08299546948526909,20736,0.203
covtype,cocoa_plus,ring,dirichlet_0.1,10,2,1,2,49,0.4825,0.4220808653008489,0.4246217165455518,0.07705698909984282,21168,0.206
covtype,cocoa_plus,ring,dirichlet_0.1,10,2,1,2,50,0.4825,0.4264675045180431,0.42911917453439147,0.08039498041719101,21600,0.21
covtype,cocoa_plus,ring,dirichlet_0.1,10,2,1,2,51,0.4825,0.4203364154797832,0.42285543768749034,0.07360170115615966,22032,0.215
covtype,cocoa_plus,ring,dirichlet_0.1,10,2,1,2,52,0.4825,0.4168007224538309,0.41925303472401027,0.06678389407087792,22464,0.217
covtype,cocoa_plus,ring,dirichlet_0.1,10,2,1,2,53,0.4825,0.4403212985966368,0.4431861453235163,0.09198481345185955,22896,0.221
covtype,cocoa_plus,ring,dirichlet_0.1,10,2,1,2,54,0.4825,0.44452804245330735,0.4474737773397599,0.09749907336123564,23328,0.227
covtype,cocoa_plus,ring,dirichlet_0.1,10,2,1,2,55,0.4825,0.42902833454302947,0.43168997902415196,0.08114669564613491,23760,0.229
covtype,cocoa_plus,ring,dirichlet_0.1,10,2,1,2,56,0.4825,0.44162665783499583,0.4445292277827601,0.0951557645488722,24192,0.233
covtype,cocoa_plus,ring,dirichlet_0.1,10,2,1,2,57,0.4825,0.4889339447838246,0.49283737730020577,0.1474279300980053,24624,0.238
covtype,cocoa_plus,ring,dirichlet_0.1,10,2,1,2,58,0.4825,0.4605145146648145,0.4637869507583535,0.12132776290641245,25056,0.242
covtype,cocoa_plus,ring,dirichlet_0.1,10,2,1,2,59,0.4825,0.49818871177862784,0.5023568222125938,0.16498730184386662,25488,0.247
covtype,cocoa_plus,ring,dirichlet_0.1,10,2,1,2,60,0.4825,0.5042575848321159,0.5085833504828353,0.17547380698384685,25920,0.249
covtype,cocoa_plus,ring,dirichlet_0.1,10,2,1,3,1,0.4825,0.596778238461613,0.5970345358148025,0.5890832392441427,432,0.001
covtype,cocoa_plus,ring,dirichlet_0.1,10,2,1,3,2,0.4825,0.0028703199318830057,0.005001799491349249,-0.0035453413977291,864,0.006
covtype,cocoa_plus,ring,dirichlet_0.1,10,2,1,3,3,0.4825,0.0007974942605073539,0.008011592032300958,0.00019793355545073658,1296,0.014
covtype,cocoa_plus,ring,dirichlet_0.1,10,2,1,3,4,0.4825,0.0007971539815952601,0.00810693024676941,0.0005415752723153837,1728,0.017
covtype,cocoa_plus,ring,dirichlet_0.1,10,2,1,3,5,0.4825,0.0007958106531681464,0.008062234318155233,0.0006389125018407011,2160,0.022
covtype,cocoa_plus,ring,dirichlet_0.1,10,2,1,3,6,0.4825,0.000913170167198863,0.011624964886298862,0.0042016430699843305,2592,0.024
covtype,cocoa_plus,ring,dirichlet_0.1,10,2,1,3,7,0.4825,0.0009486313360850499,0.013288279195419996,0.005966114027765373,3024,0.029
covtype,cocoa_plus,ring,dirichlet_0.1,10,2,1,3,8,0.4825,0.0009649276644103424,0.013740037745248545,0.006417872577593922,3456,0.033
covtype,cocoa_plus,ring,dirichlet_0.1,10,2,1,3,9,0.4825,0.0009655766105695389,0.01385750806987721,0.007029012674690301,3888,0.038
covtype,cocoa_plus,ring,dirichlet_0.1,10,2,1,3,10,0.4825,0.0009749210823311349,0.014613767658544972,0.007785272263358064,4320,0.043
covtype,cocoa_plus,ring,dirichlet_0.1,10,2,1,3,11,0.4825,0.0009702401583703478,0.014599807036450715,0.008268961287247942,4752,0.047
covtype,cocoa_plus,ring,dirichlet_0.1,10,2,1,3,12,0.4825,0.0009301779209909756,0.013073096924954446,0.006990580049445657,5184,0.053
covtype,cocoa_plus,ring,dirichlet_0.1,10,2,1,3,13,0.4825,0.0008848627542043661,0.011798552374997232,0.005442893949433475,5616,0.057
covtype,cocoa_plus,ring,dirichlet_0.1,10,2,1,3,14,0.4825,0.0008782698761625947,0.011577789763729161,0.00572290109203042,6048,0.058
covtype,cocoa_plus,ring,dirichlet_0.1,10,2,1,3,15,0.4825,0.0008310700902584219,0.01009015805515081,0.004235269383452068,6480,0.066
covtype,cocoa_plus,ring,dirichlet_0.1,10,2,1,3,16,0.4825,0.0008389849026091943,0.010311450976539458,0.004456562304840717,6912,0.068
covtype,cocoa_plus,ring,dirichlet_0.1,10,2,1,3,17,0.4825,0.0007670722417614614,0.008423249281950967,0.0028218772677108704,7344,0.074
covtype,cocoa_plus,ring,dirichlet_0.1,10,2,1,3,18,0.4825,0.0007460866857490731,0.007850218544544955,0.002747460547161372,7776,0.077
covtype,cocoa_plus,ring,dirichlet_0.1,10,2,1,3,19,0.4825,0.0007460866857490731,0.007850218544544955,0.002747460547161372,8208,0.081
covtype,cocoa_plus,ring,dirichlet_0.1,10,2,1,3,20,0.4825,0.0007460866857490731,0.007850218544544955,0.002747460547161372,8640,0.086
covtype,cocoa_plus,ring,dirichlet_0.1,10,2,1,3,21,0.4825,0.0007158267332102537,0.00706260148639338,0.0019598434890097972,9072,0.089
covtype,cocoa_plus,ring,dirichlet_0.1,10,2,1,3,22,0.4825,0.0006972845980561099,0.006465786263499292,0.0016154895909414576,9504,0.096
covtype,cocoa_plus,ring,dirichlet_0.1,10,2,1,3,23,0.4825,0.0006731374727288154,0.005987128110388842,0.0011368314378310072,9936,0.1
covtype,cocoa_plus,ring,dirichlet_0.1,10,2,1,3,24,0.4825,0.0006707862445370378,0.005921365456397933,0.0013259419984184458,10368,0.102
covtype,cocoa_plus,ring,dirichlet_0.1,10,2,1,3,25,0.4825,0.0006707862445370378,0.005921365456397933,0.0013259419984184458,10800,0.106
covtype,cocoa_plus,ring,dirichlet_0.1,10,2,1,3,26,0.4825,0.0006814246945856754,0.006096541131365174,0.0015011176733856872,11232,0.112
covtype,cocoa_plus,ring,dirichlet_0.1,10,2,1,3,27,0.4825,0.000659144856067665,0.00553438942882634,0.0011940551472192692,11664,0.115
covtype,cocoa_plus,ring,dirichlet_0.1,10,2,1,3,28,0.4825,0.000635439007848866,0.0050383838259879426,0.000698049544380872,12096,0.12
covtype,cocoa_plus,ring,dirichlet_0.1,10,2,1,3,29,0.4825,0.0006277240256559887,0.0049426677080583615,0.0008562840683879868,12528,0.123
covtype,cocoa_plus,ring,dirichlet_0.1,10,2,1,3,30,0.4825,0.0006386282371816515,0.0046071590373752,0.0010316120448076744,12960,0.129
covtype,cocoa_plus,ring,dirichlet_0.1,10,2,1,3,31,0.4825,0.0006386282371816515,0.0046071590373752,0.0010316120448076744,13392,0.133
covtype,cocoa_plus,ring,dirichlet_0.1,10,2,1,3,32,0.4825,0.0007026913237727589,0.004509658146367163,0.0009341111537996376,13824,0.135
covtype,cocoa_plus,ring,dirichlet_0.1,10,2,1,3,33,0.4825,0.0007395051326627767,0.004459141138943556,0.0012731842119386976,14256,0.14
covtype,cocoa_plus,ring,dirichlet_0.1,10,2,1,3,34,0.4825,0.0008016540632007995,0.004467070331832615,0.0012806830099568807,14688,0.144
covtype,cocoa_plus,ring,dirichlet_0.1,10,2,1,3,35,0.4825,0.0016446324500691393,0.004765823620135734,0.001483981125521905,15120,0.15
covtype,cocoa_plus,ring,dirichlet_0.1,10,2,1,3,36,0.4825,0.0014277312807234438,0.004613637728193632,0.0008822773977547691,15552,0.153
covtype,cocoa_plus,ring,dirichlet_0.1,10,2,1,3,37,0.4825,0.011815282134405459,0.014030270828000391,0.009436606562243335,15984,0.157
covtype,cocoa_plus,ring,dirichlet_0.1,10,2,1,3,38,0.4825,0.009135183065825054,0.011387158304148265,0.005916030180578638,16416,0.161
covtype,cocoa_plus,ring,dirichlet_0.1,10,2,1,3,39,0.4825,0.007029314170537702,0.00936600902950596,0.0033522861485599763,16848,0.164
covtype,cocoa_plus,ring,dirichlet_0.1,10,2,1,3,40,0.4825,0.005362626039186963,0.0077943612027415125,0.0009940061127891933,17280,0.17
covtype,cocoa_plus,ring,dirichlet_0.1,10,2,1,3,41,0.4825,0.012654500724088929,0.014836943186160705,0.006422680904619511,17712,0.174
covtype,cocoa_plus,ring,dirichlet_0.1,10,2,1,3,42,0.4825,0.008563581234955021,0.01081476927287204,0.0016496112754473286,18144,0.177
covtype,cocoa_plus,ring,dirichlet_0.1,10,2,1,3,43,0.4825,0.00985803770019324,0.012043567496599867,0.002240609551790923,18576,0.183
covtype,cocoa_plus,ring,dirichlet_0.1,10,2,1,3,44,0.4825,0.01771013919470748,0.019848311471025552,0.008841868121641198,19008,0.186
covtype,cocoa_plus,ring,dirichlet_0.1,10,2,1,3,45,0.4825,0.00939659335032616,0.011637045800094942,-3.224743752874848e-05,19440,0.189
covtype,cocoa_plus,ring,dirichlet_0.1,10,2,1,3,46,0.4825,0.008775517516568914,0.011020932053015247,-0.001303609247564624,19872,0.192
covtype,cocoa_plus,ring,dirichlet_0.1,10,2,1,3,47,0.4825,0.07366674200669096,0.07551029748786406,0.061430535447448004,20304,0.197
covtype,cocoa_plus,ring,dirichlet_0.1,10,2,1,3,48,0.4825,0.14676070593163404,0.1483988784752417,0.13076985955276366,20736,0.203
covtype,cocoa_plus,ring,dirichlet_0.1,10,2,1,3,49,0.4825,0.09360047101214844,0.0953716066170888,0.07609063468076335,21168,0.207
covtype,cocoa_plus,ring,dirichlet_0.1,10,2,1,3,50,0.4825,0.03372092233529161,0.03574078055588375,0.014867468266282529,21600,0.209
covtype,cocoa_plus,ring,dirichlet_0.1,10,2,1,3,51,0.4825,0.0434594055719272,0.04543452910963155,0.023210561862562044,22032,0.212
covtype,cocoa_plus,ring,dirichlet_0.1,10,2,1,3,52,0.4825,0.06032636806138612,0.06221938014731563,0.03891002018098564,22464,0.218
covtype,cocoa_plus,ring,dirichlet_0.1,10,2,1,3,53,0.4825,0.02070269744697744,0.02277757797244722,-0.0019761702814773893,22896,0.22
covtype,cocoa_plus,ring,dirichlet_0.1,10,2,1,3,54,0.4825,0.11919384506645656,0.12090475972390777,0.09429166472278923,23328,0.226
covtype,cocoa_plus,ring,dirichlet_0.1,10,2,1,3,55,0.4825,0.19736105789248012,0.1988938020430889,0.1699096121648138,23760,0.23
covtype,cocoa_plus,ring,dirichlet_0.1,10,2,1,3,56,0.4825,0.22935308263250673,0.23081380353388423,0.19925476813573462,24192,0.235
covtype,cocoa_plus,ring,dirichlet_0.1,10,2,1,3,57,0.4825,0.10749463202801915,0.1092551335589719,0.07596971134883243,24624,0.238
covtype,cocoa_plus,ring,dirichlet_0.1,10,2,1,3,58,0.4825,0.3662873083356716,0.3674384694876097,0.3306930149054838,25056,0.242
covtype,cocoa_plus,ring,dirichlet_0.1,10,2,1,3,59,0.4825,0.20712858244283733,0.2086561513503143,0.16960048642380032,25488,0.246
covtype,cocoa_plus,ring,dirichlet_0.1,10,2,1,3,60,0.4825,0.3812496330988995,0.38237061707111364,0.3403869572745146,25920,0.249
covtype,cocoa_plus,ring,dirichlet_0.1,10,2,1,4,1,0.5895,1.0342438857893879,1.0343368913869793,1.0121469877589264,432,0.004
covtype,cocoa_plus,ring,dirichlet_0.1,10,2,1,4,2,0.6521666666666667,0.9698122782532826,0.9700322901730195,0.929205566711208,864,0.009
covtype,cocoa_plus,ring,dirichlet_0.1,10,2,1,4,3,0.5158333333333334,0.7032474327570108,0.7036733890272027,0.6492185683962086,1296,0.014
covtype,cocoa_plus,ring,dirichlet_0.1,10,2,1,4,4,0.4825,0.458804882203898,0.45953107417115807,0.3942218010235059,1728,0.015
covtype,cocoa_plus,ring,dirichlet_0.1,10,2,1,4,5,0.4825,0.35404275517641914,0.35498657982527626,0.2819965670381892,2160,0.023
covtype,cocoa_plus,ring,dirichlet_0.1,10,2,1,4,6,0.4825,0.20175020351699452,0.20304034384126673,0.12408625506245037,2592,0.025
covtype,cocoa_plus,ring,dirichlet_0.1,10,2,1,4,7,0.4825,0.056500335644600726,0.058320646827710605,-0.023313191019455275,3024,0.03
covtype,cocoa_plus,ring,dirichlet_0.1,10,2,1,4,8,0.4825,0.04280181808861027,0.04472471608312855,-0.038323252731775635,3456,0.034
covtype,cocoa_plus,ring,dirichlet_0.1,10,2,1,4,9,0.4825,0.026727315602986888,0.02903313642011471,-0.05426314822483409,3888,0.038
covtype,cocoa_plus,ring,dirichlet_0.1,10,2,1,4,10,0.4825,0.028115817118842548,0.030297546653483456,-0.053460090257334864,4320,0.043
covtype,cocoa_plus,ring,dirichlet_0.1,10,2,1,4,11,0.4825,0.02209036742330862,0.025405829222810993,-0.057606831296066544,4752,0.048
covtype,cocoa_plus,ring,dirichlet_0.1,10,2,1,4,12,0.4825,0.02409004016912902,0.029720748934367543,-0.0504450833291539,5184,0.051
covtype,cocoa_plus,ring,dirichlet_0.1,10,2,1,4,13,0.4825,0.02284539949386734,0.027608790828430835,-0.048737864936227004,5616,0.055
covtype,cocoa_plus,ring,dirichlet_0.1,10,2,1,4,14,0.4825,0.026444072457739408,0.034005716065653856,-0.038353900923530866,6048,0.06
covtype,cocoa_plus,ring,dirichlet_0.1,10,2,1,4,15,0.4825,0.028382240610221075,0.03757559769044225,-0.03303861404562938,6480,0.063
covtype,cocoa_plus,ring,dirichlet_0.1,10,2,1,4,16,0.4825,0.027680056178555408,0.036257244655475536,-0.032079392450240864,6912,0.069
covtype,cocoa_plus,ring,dirichlet_0.1,10,2,1,4,17,0.4825,0.02692063651416405,0.034881300622559626,-0.03072714918663317,7344,0.071
covtype,cocoa_plus,ring,dirichlet_0.1,10,2,1,4,18,0.4825,0.028342141446885835,0.037591245633778345,-0.026151250474264656,7776,0.076
covtype,cocoa_plus,ring,dirichlet_0.1,10,2,1,4,19,0.4825,0.030818196701279013,0.042384090589752524,-0.019262988205428398,8208,0.083
covtype,cocoa_plus,ring,dirichlet_0.1,10,2,1,4,20,0.4825,0.03226297779751396,0.04531855567169762,-0.015300070774911433,8640,0.087
covtype,cocoa_plus,ring,dirichlet_0.1,10,2,1,4,21,0.4825,0.03181355418208964,0.044391502342559175,-0.014617978707206297,9072,0.088
covtype,cocoa_plus,ring,dirichlet_0.1,10,2,1,4,22,0.4825,0.03260148785910674,0.04611743710837432,-0.009901223050657063,9504,0.093
covtype,cocoa_plus,ring,dirichlet_0.1,10,2,1,4,23,0.4825,0.03593139582652255,0.0531035815306346,-0.0012316317404229907,9936,0.097
covtype,cocoa_plus,ring,dirichlet_0.1,10,2,1,4,24,0.4825,0.03975832602607662,0.061687968211645426,0.010591848550224818,10368,0.103
covtype,cocoa_plus,ring,dirichlet_0.1,10,2,1,4,25,0.4825,0.04394163757860366,0.07187362768053714,0.022398660274055175,10800,0.109
covtype,cocoa_plus,ring,dirichlet_0.1,10,2,1,4,26,0.4825,0.043628972502359795,0.0710851070600838,0.022821821939574077,11232,0.113
covtype,cocoa_plus,ring,dirichlet_0.1,10,2,1,4,27,0.4825,0.04337265408253098,0.0704574293515625,0.022158474918091142,11664,0.114
covtype,cocoa_plus,ring,dirichlet_0.1,10,2,1,4,28,0.4825,0.04243583030037574,0.06813065505556753,0.02185040717140419,12096,0.119
covtype,cocoa_plus,ring,dirichlet_0.1,10,2,1,4,29,0.4825,0.04353667232116229,0.07082428405900962,0.025088488634743986,12528,0.123
covtype,cocoa_plus,ring,dirichlet_0.1,10,2,1,4,30,0.4825,0.04640532231180085,0.07823064869491471,0.0336845298684113,12960,0.129
covtype,cocoa_plus,ring,dirichlet_0.1,10,2,1,4,31,0.4825,0.05094984303811664,0.09077413137653942,0.04708407152620769,13392,0.132
covtype,cocoa_plus,ring,dirichlet_0.1,10,2,1,4,32,0.4825,0.0506496221944961,0.08995513778182596,0.04754717504630592,13824,0.135
covtype,cocoa_plus,ring,dirichlet_0.1,10,2,1,4,33,0.4825,0.05275291037268327,0.09589651432342218,0.054335486776275685,14256,0.141
covtype,cocoa_plus,ring,dirichlet_0.1,10,2,1,4,34,0.4825,0.055952115575562844,0.10536459333706988,0.06593356428955935,14688,0.145
covtype,cocoa_plus,ring,dirichlet_0.1,10,2,1,4,35,0.4825,0.05756907479599222,0.11043155880406602,0.07219511552075455,15120,0.15
covtype,cocoa_plus,ring,dirichlet_0.1,10,2,1,4,36,0.4825,0.056694665763695605,0.10774233362468041,0.07212686019246439,15552,0.154
covtype,cocoa_plus,ring,dirichlet_0.1,10,2,1,4,37,0.4825,0.05605861974926877,0.105839245599231,0.07279652653886105,15984,0.156
covtype,cocoa_plus,ring,dirichlet_0.1,10,2,1,4,38,0.4825,0.05934674457262763,0.11608760595868835,0.0839244009951168,16416,0.16
covtype,cocoa_plus,ring,dirichlet_0.1,10,2,1,4,39,0.4825,0.06216561225917052,0.12497341064479064,0.09281160558889637,16848,0.166
covtype,cocoa_plus,ring,dirichlet_0.1,10,2,1,4,40,0.4825,0.06579001242578611,0.137189298815137,0.10634709722707705,17280,0.17
covtype,cocoa_plus,ring,dirichlet_0.1,10,2,1,4,41,0.4825,0.06556532989409689,0.13639983992245916,0.1064383453192114,17712,0.172
covtype,cocoa_plus,ring,dirichlet_0.1,10,2,1,4,42,0.4825,0.0667952588545217,0.14056264523137946,0.11104456251613523,18144,0.177
covtype,cocoa_plus,ring,dirichlet_0.1,10,2,1,4,43,0.4825,0.06668868782673462,0.14020446809683426,0.11112990518461596,18576,0.181
covtype,cocoa_plus,ring,dirichlet_0.1,10,2,1,4,44,0.4825,0.07383365223390151,0.1660626609085231,0.13743429284161757,19008,0.185
covtype,cocoa_plus,ring,dirichlet_0.1,10,2,1,4,45,0.4825,0.0752605027501374,0.1715870401804238,0.1433749793989897,19440,0.19
covtype,cocoa_plus,ring,dirichlet_0.1,10,2,1,4,46,0.4825,0.07486368998362745,0.17011208369805542,0.14346248577540188,19872,0.193
covtype,cocoa_plus,ring,dirichlet_0.1,10,2,1,4,47,0.4825,0.07451782016971645,0.16883797584989604,0.14259858577518147,20304,0.196
covtype,cocoa_plus,ring,dirichlet_0.1,10,2,1,4,48,0.4825,0.07680562647602773,0.17784422400019384,0.15216782260469094,20736,0.201
covtype,cocoa_plus,ring,dirichlet_0.1,10,2,1,4,49,0.4825,0.08158356336987287,0.19689520834124358,0.17121880694574068,21168,0.205
covtype,cocoa_plus,ring,dirichlet_0.1,10,2,1,4,50,0.4825,0.0856815012539204,0.2138221593941029,0.1887170345054759,21600,0.21
covtype,cocoa_plus,ring,dirichlet_0.1,10,2,1,4,51,0.4825,0.08684185321909473,0.21875456150156541,0.19410131715923692,22032,0.213
covtype,cocoa_plus,ring,dirichlet_0.1,10,2,1,4,52,0.4825,0.09055823995481715,0.2347144426287292,0.21039613272125046,22464,0.219
covtype,cocoa_plus,ring,dirichlet_0.1,10,2,1,4,53,0.4825,0.09270573325911946,0.24462061293879933,0.22256251817219982,22896,0.222
covtype,cocoa_plus,ring,dirichlet_0.1,10,2,1,4,54,0.4825,0.09516182378886281,0.25619022385237755,0.23457742837521656,23328,0.227
covtype,cocoa_plus,ring,dirichlet_0.1,10,2,1,4,55,0.4825,0.09628066309488223,0.2613964516738694,0.24069096055144873,23760,0.231
covtype,cocoa_plus,ring,dirichlet_0.1,10,2,1,4,56,0.4825,0.09886508417891263,0.27374494803713556,0.2530394569147149,24192,0.236
covtype,cocoa_plus,ring,dirichlet_0.1,10,2,1,4,57,0.4825,0.10041747431994481,0.2813667897486786,0.260661298626258,24624,0.24
covtype,cocoa_plus,ring,dirichlet_0.1,10,2,1,4,58,0.4825,0.10041747431994481,0.2813667897486786,0.260661298626258,25056,0.241
covtype,cocoa_plus,ring,dirichlet_0.1,10,2,1,4,59,0.4825,0.10382897999661324,0.29836802032368537,0.2776625292012647,25488,0.246
covtype,cocoa_plus,ring,dirichlet_0.1,10,2,1,4,60,0.4825,0.1058530531227944,0.30867500820759514,0.2879695170851745,25920,0.251
covtype,cocoa_plus,ring,dirichlet_0.1,10,2,1,5,1,0.5175,0.788428542829407,0.7886365785374628,0.7821895128970744,432,0.003
covtype,cocoa_plus,ring,dirichlet_0.1,10,2,1,5,2,0.5175,0.6901120787456851,0.6906028420867618,0.6772370936021146,864,0.007
covtype,cocoa_plus,ring,dirichlet_0.1,10,2,1,5,3,0.5175,0.6781944950411808,0.6788506049264934,0.6590383653038854,1296,0.011
covtype,cocoa_plus,ring,dirichlet_0.1,10,2,1,5,4,0.5175,0.49886375009860795,0.5002407201876486,0.47603165945430925,1728,0.019
covtype,cocoa_plus,ring,dirichlet_0.1,10,2,1,5,5,0.5175,0.44315817554131953,0.4448106485430604,0.41552228732960655,2160,0.02
covtype,cocoa_plus,ring,dirichlet_0.1,10,2,1,5,6,0.5175,0.43572892141531383,0.4388801360968796,0.4061155575342118,2592,0.027
covtype,cocoa_plus,ring,dirichlet_0.1,10,2,1,5,7,0.5175,0.42060841572408425,0.42348269348901557,0.3869289118948377,3024,0.029
covtype,cocoa_plus,ring,dirichlet_0.1,10,2,1,5,8,0.5175,0.47561716155547273,0.4797015325858034,0.43989226688964284,3456,0.035
covtype,cocoa_plus,ring,dirichlet_0.1,10,2,1,5,9,0.5175,0.4460019117173257,0.4494249345221075,0.40706304785473146,3888,0.037
covtype,cocoa_plus,ring,dirichlet_0.1,10,2,1,5,10,0.5175,0.648653143161552,0.658394098357873,0.6139029668134619,4320,0.042
covtype,cocoa_plus,ring,dirichlet_0.1,10,2,1,5,11,0.5175,0.7179726816784636,0.7306790974061982,0.6840361180604688,4752,0.048
covtype,cocoa_plus,ring,dirichlet_0.1,10,2,1,5,12,0.5175,0.903646445392224,0.9262443077997892,0.8779500698554408,5184,0.051
covtype,cocoa_plus,ring,dirichlet_0.1,10,2,1,5,13,0.5175,1.1059247959251426,1.142431038975241,1.0925805368546508,5616,0.057
covtype,cocoa_plus,ring,dirichlet_0.1,10,2,1,5,14,0.5175,1.0754250240439014,1.1096763041728572,1.0591113985159817,6048,0.06
covtype,cocoa_plus,ring,dirichlet_0.1,10,2,1,5,15,0.5175,1.1508895546552562,1.1910942174848937,1.1400141623895865,6480,0.065
covtype,cocoa_plus,ring,dirichlet_0.1,10,2,1,5,16,0.5175,1.2958738594967276,1.348716878862992,1.2973563911584547,6912,0.068
covtype,cocoa_plus,ring,dirichlet_0.1,10,2,1,5,17,0.5175,1.5610241701489624,1.6417716851121125,1.5896856626385374,7344,0.073
covtype,cocoa_plus,ring,dirichlet_0.1,10,2,1,5,18,0.5175,1.550491687087545,1.6300887728018851,1.5778007585469207,7776,0.076
covtype,cocoa_plus,ring,dirichlet_0.1,10,2,1,5,19,0.5175,1.6643746148671752,1.757548908504451,1.705173117411409,8208,0.08
covtype,cocoa_plus,ring,dirichlet_0.1,10,2,1,5,20,0.5175,1.8342614714907595,1.9500484411524721,1.897993845985991,8640,0.086
covtype,cocoa_plus,ring,dirichlet_0.1,10,2,1,5,21,0.5175,1.8079006034846345,1.9201756376738588,1.868463707968173,9072,0.09
covtype,cocoa_plus,ring,dirichlet_0.1,10,2,1,5,22,0.5175,1.9722985208140569,2.108267772208329,2.0568513956221444,9504,0.094
covtype,cocoa_plus,ring,dirichlet_0.1,10,2,1,5,23,0.5175,1.9319679076212302,2.0620257044571293,2.0109710426511898,9936,0.098
covtype,cocoa_plus,ring,dirichlet_0.1,10,2,1,5,24,0.5175,2.1115386923494297,2.2693392922821003,2.2194130411771233,10368,0.104
covtype,cocoa_plus,ring,dirichlet_0.1,10,2,1,5,25,0.5175,2.248093676540518,2.4291751801702026,2.3807109807682214,10800,0.106
covtype,cocoa_plus,ring,dirichlet_0.1,10,2,1,5,26,0.5175,2.6502086611576474,2.908058950502435,2.860530495185077,11232,0.111
covtype,cocoa_plus,ring,dirichlet_0.1,10,2,1,5,27,0.5175,2.628789552573223,2.8824094022550772,2.835448746303197,11664,0.117
covtype,cocoa_plus,ring,dirichlet_0.1,10,2,1,5,28,0.5175,2.7913573296485366,3.079638084929985,3.033870424795479,12096,0.121
covtype,cocoa_plus,ring,dirichlet_0.1,10,2,1,5,29,0.5175,3.0656208168333037,3.417715139276312,3.373341373041881,12528,0.124
covtype,cocoa_plus,ring,dirichlet_0.1,10,2,1,5,30,0.5175,3.3389671109734116,3.761610772472435,3.7187215552849953,12960,0.128
covtype,cocoa_plus,ring,dirichlet_0.1,10,2,1,5,31,0.5175,3.2803498285594963,3.687832720834353,3.647127757395776,13392,0.131
covtype,cocoa_plus,ring,dirichlet_0.1,10,2,1,5,32,0.5175,3.555582519909332,4.038637008806655,4.0007021535705025,13824,0.137
covtype,cocoa_plus,ring,dirichlet_0.1,10,2,1,5,33,0.5175,3.5138395581646593,3.985360250274721,3.949574056870073,14256,0.141
covtype,cocoa_plus,ring,dirichlet_0.1,10,2,1,5,34,0.5175,3.4765361073528114,3.937770229867536,3.9044650460124344,14688,0.143
covtype,cocoa_plus,ring,dirichlet_0.1,10,2,1,5,35,0.5175,3.724282586524973,4.257492268035898,4.227353251402537,15120,0.148
covtype,cocoa_plus,ring,dirichlet_0.1,10,2,1,5,36,0.5175,3.715872149158647,4.246440272022417,4.217729084393387,15552,0.151
covtype,cocoa_plus,ring,dirichlet_0.1,10,2,1,5,37,0.5175,4.029498293350666,4.657209052990406,4.630967087226385,15984,0.158
covtype,cocoa_plus,ring,dirichlet_0.1,10,2,1,5,38,0.5175,3.9932588566110394,4.609620772676255,4.586062520329789,16416,0.16
covtype,cocoa_plus,ring,dirichlet_0.1,10,2,1,5,39,0.5175,4.034288662718994,4.663445729064208,4.642358314049335,16848,0.165
covtype,cocoa_plus,ring,dirichlet_0.1,10,2,1,5,40,0.5175,4.154191947370443,4.822376108556662,4.804982459506821,17280,0.169
covtype,cocoa_plus,ring,dirichlet_0.1,10,2,1,5,41,0.5175,4.133682047611478,4.795173560863736,4.77967901384339,17712,0.174
covtype,cocoa_plus,ring,dirichlet_0.1,10,2,1,5,42,0.5175,4.104310822863751,4.756270480532819,4.742796522964971,18144,0.176
covtype,cocoa_plus,ring,dirichlet_0.1,10,2,1,5,43,0.5175,4.168559150970129,4.842066066539434,4.830928381565101,18576,0.182
covtype,cocoa_plus,ring,dirichlet_0.1,10,2,1,5,44,0.5175,4.197217139223988,4.880350979784901,4.872930970204952,19008,0.184
covtype,cocoa_plus,ring,dirichlet_0.1,10,2,1,5,45,0.5175,4.163128339111905,4.835020088017087,4.830652170486803,19440,0.189
covtype,cocoa_plus,ring,dirichlet_0.1,10,2,1,5,46,0.5175,4.338413910682263,5.06959469776875,5.0671216727814254,19872,0.193
covtype,cocoa_plus,ring,dirichlet_0.1,10,2,1,5,47,0.5175,4.4607449744762295,5.235058781963717,5.235047042560642,20304,0.199
covtype,cocoa_plus,ring,dirichlet_0.1,10,2,1,5,48,0.5175,4.4750535484898455,5.254252016221321,5.257652665113041,20736,0.202
covtype,cocoa_plus,ring,dirichlet_0.1,10,2,1,5,49,0.5175,4.5527322806037755,5.36033891808165,5.3670906971227135,21168,0.205
covtype,cocoa_plus,ring,dirichlet_0.1,10,2,1,5,50,0.5175,4.511715566754604,5.304496144891048,5.315998426570529,21600,0.208
covtype,cocoa_plus,ring,dirichlet_0.1,10,2,1,5,51,0.5175,4.630396262034017,5.466201856955129,5.481553508701756,22032,0.215
covtype,cocoa_plus,ring,dirichlet_0.1,10,2,1,5,52,0.5175,4.744640202206763,5.623377830666693,5.641872785679844,22464,0.219
covtype,cocoa_plus,ring,dirichlet_0.1,10,2,1,5,53,0.5175,4.715466446376235,5.583273119426162,5.604655062979115,22896,0.221
covtype,cocoa_plus,ring,dirichlet_0.1,10,2,1,5,54,0.5175,4.741040061988065,5.618633281268308,5.644152610572036,23328,0.225
covtype,cocoa_plus,ring,dirichlet_0.1,10,2,1,5,55,0.5175,4.783335168676863,5.677122254686842,5.7045628231029255,23760,0.23
covtype,cocoa_plus,ring,dirichlet_0.1,10,2,1,5,56,0.5175,4.823818788884358,5.733196423409657,5.763572296807384,24192,0.233
covtype,cocoa_plus,ring,dirichlet_0.1,10,2,1,5,57,0.5175,4.954919622260683,5.9157724240604574,5.950800354160561,24624,0.237
covtype,cocoa_plus,ring,dirichlet_0.1,10,2,1,5,58,0.5175,4.929147486900217,5.879945104335673,5.917810677972074,25056,0.241
covtype,cocoa_plus,ring,dirichlet_0.1,10,2,1,5,59,0.5175,4.91897099902991,5.865743157175815,5.904739627075319,25488,0.245
covtype,cocoa_plus,ring,dirichlet_0.1,10,2,1,5,60,0.5175,5.048471477972006,6.0465410623416656,6.087977169176859,25920,0.252
covtype,cocoa_plus,ring,dirichlet_0.1,10,2,1,6,1,0.5175,0.8576047862039524,0.857646070551342,0.8479291548256384,432,0.003
covtype,cocoa_plus,ring,dirichlet_0.1,10,2,1,6,2,0.5175,0.49337064975735234,0.4938112807318332,0.4778148984418885,864,0.008
covtype,cocoa_plus,ring,dirichlet_0.1,10,2,1,6,3,0.6443333333333333,0.9811366067795472,0.981284288128155,0.9568624344464856,1296,0.013
covtype,cocoa_plus,ring,dirichlet_0.1,10,2,1,6,4,0.5613333333333334,1.0421853259487435,1.0423744758028661,1.010560863778084,1728,0.018
covtype,cocoa_plus,ring,dirichlet_0.1,10,2,1,6,5,0.5175,0.7049612654017464,0.7054082526819029,0.6690139643350363,2160,0.021
covtype,cocoa_plus,ring,dirichlet_0.1,10,2,1,6,6,0.5175,0.43059228821155027,0.43147468905160546,0.3918674127438816,2592,0.027
covtype,cocoa_plus,ring,dirichlet_0.1,10,2,1,6,7,0.5175,0.4384046963981639,0.4393535610737565,0.39715352917968993,3024,0.029
covtype,cocoa_plus,ring,dirichlet_0.1,10,2,1,6,8,0.5175,0.5180910397199525,0.5189619132312557,0.47387541471184413,3456,0.034
covtype,cocoa_plus,ring,dirichlet_0.1,10,2,1,6,9,0.549,1.0788889482460213,1.0797016132232962,1.0305411072435435,3888,0.04
covtype,cocoa_plus,ring,dirichlet_0.1,10,2,1,6,10,0.5415,1.1594220750080024,1.1604349454678198,1.1083768012280744,4320,0.044
covtype,cocoa_plus,ring,dirichlet_0.1,10,2,1,6,11,0.6546666666666666,0.9154505591175314,0.9165040107943844,0.863170641213871,4752,0.049
covtype,cocoa_plus,ring,dirichlet_0.1,10,2,1,6,12,0.5175,0.5831236179663998,0.5843945790992316,0.5306701394245044,5184,0.05
covtype,cocoa_plus,ring,dirichlet_0.1,10,2,1,6,13,0.6783333333333333,0.9150922393703647,0.916194275468383,0.862657787708533,5616,0.055
covtype,cocoa_plus,ring,dirichlet_0.1,10,2,1,6,14,0.6796666666666666,0.963094619276633,0.9642272258053324,0.9114968035508331,6048,0.061
covtype,cocoa_plus,ring,dirichlet_0.1,10,2,1,6,15,0.626,1.0193830343797892,1.0205500986795961,0.9703325924824924,6480,0.065
covtype,cocoa_plus,ring,dirichlet_0.1,10,2,1,6,16,0.5175,0.6500930600491676,0.6514448816347259,0.6031891898091646,6912,0.068
covtype,cocoa_plus,ring,dirichlet_0.1,10,2,1,6,17,0.5341666666666667,1.3921411748832246,1.3939907415859556,1.3512114992622508,7344,0.072
covtype,cocoa_plus,ring,dirichlet_0.1,10,2,1,6,18,0.49233333333333335,1.5760563327534343,1.5783825227594221,1.5442097139778796,7776,0.078
covtype,cocoa_plus,ring,dirichlet_0.1,10,2,1,6,19,0.5535,1.1599091190336375,1.1616997873833506,1.136040204309691,8208,0.08
covtype,cocoa_plus,ring,dirichlet_0.1,10,2,1,6,20,0.48283333333333334,1.9520895263149014,1.9560446060231498,1.9446076664382843,8640,0.085
covtype,cocoa_plus,ring,dirichlet_0.1,10,2,1,6,21,0.4826666666666667,2.0433026778182404,2.0481452981612103,2.055062437932955,9072,0.091
covtype,cocoa_plus,ring,dirichlet_0.1,10,2,1,6,22,0.5458333333333333,1.3224045060162606,1.3255166202836843,1.3477898348786208,9504,0.093
covtype,cocoa_plus,ring,dirichlet_0.1,10,2,1,6,23,0.4845,1.9384902842346705,1.943981217313943,1.9887903875705961,9936,0.098
covtype,cocoa_plus,ring,dirichlet_0.1,10,2,1,6,24,0.4825,2.524930629975344,2.534155721872295,2.605064048032203,10368,0.104
covtype,cocoa_plus,ring,dirichlet_0.1,10,2,1,6,25,0.4826666666666667,2.3853639208943633,2.394570892979303,2.4966151740133347,10800,0.108
covtype,cocoa_plus,ring,dirichlet_0.1,10,2,1,6,26,0.4826666666666667,2.545640329902011,2.5565530481533587,2.68578561565483,11232,0.111
covtype,cocoa_plus,ring,dirichlet_0.1,10,2,1,6,27,0.5191666666666667,1.7820408209025616,1.7899381932601088,1.9467876474858132,11664,0.116
covtype,cocoa_plus,ring,dirichlet_0.1,10,2,1,6,28,0.48333333333333334,2.2961202890701244,2.3076107840142797,2.4985045036480154,12096,0.12
covtype,cocoa_plus,ring,dirichlet_0.1,10,2,1,6,29,0.5433333333333333,1.6438218775540518,1.653210092462592,1.8769594237629765,12528,0.124
covtype,cocoa_plus,ring,dirichlet_0.1,10,2,1,6,30,0.4826666666666667,2.859260545719354,2.877420153144686,3.1361677805720474,12960,0.127
covtype,cocoa_plus,ring,dirichlet_0.1,10,2,1,6,31,0.48333333333333334,2.507160583895091,2.524309538688902,2.8224109629823877,13392,0.132
covtype,cocoa_plus,ring,dirichlet_0.1,10,2,1,6,32,0.5496666666666666,1.7645127880829188,1.7785789617779466,2.1130180834793273,13824,0.137
covtype,cocoa_plus,ring,dirichlet_0.1,10,2,1,6,33,0.5078333333333334,2.126587888920262,2.1426290299236324,2.518910766696758,14256,0.139
covtype,cocoa_plus,ring,dirichlet_0.1,10,2,1,6,34,0.55,1.7895841869264169,1.8052819418459458,2.2224483117445533,14688,0.145
covtype,cocoa_plus,ring,dirichlet_0.1,10,2,1,6,35,0.577,1.4925443130141864,1.5082579916870962,1.9647009696837812,15120,0.148
covtype,cocoa_plus,ring,dirichlet_0.1,10,2,1,6,36,0.5948333333333333,1.3503520865861378,1.36573565610983,1.8584929534561758,15552,0.152
covtype,cocoa_plus,ring,dirichlet_0.1,10,2,1,6,37,0.6695,0.8869523118301967,0.9015751631051043,1.4227801640038722,15984,0.157
covtype,cocoa_plus,ring,dirichlet_0.1,10,2,1,6,38,0.6726666666666666,0.8845217843041524,0.8990023937509164,1.4430972302625866,16416,0.162
covtype,cocoa_plus,ring,dirichlet_0.1,10,2,1,6,39,0.6203333333333333,1.1470561121413474,1.1621569339940314,1.735991410564057,16848,0.167
covtype,cocoa_plus,ring,dirichlet_0.1,10,2,1,6,40,0.6401666666666667,0.8076367616568277,0.8223989555527041,1.418237686221076,17280,0.169
covtype,cocoa_plus,ring,dirichlet_0.1,10,2,1,6,41,0.6491666666666667,0.8336109920072775,0.8487747442576509,1.4693525199886461,17712,0.173
covtype,cocoa_plus,ring,dirichlet_0.1,10,2,1,6,42,0.6303333333333333,1.1375734400019486,1.1539951920524676,1.8053782280412816,18144,0.178
covtype,cocoa_plus,ring,dirichlet_0.1,10,2,1,6,43,0.665,0.9273766451635483,0.943875117705119,1.6225925804337469,18576,0.182
covtype,cocoa_plus,ring,dirichlet_0.1,10,2,1,6,44,0.6725,0.995808009550225,1.0129090403469911,1.719555850195097,19008,0.187
covtype,cocoa_plus,ring,dirichlet_0.1,10,2,1,6,45,0.6601666666666667,0.9292178013441825,0.9465169095514083,1.6871076647617076,19440,0.191
covtype,cocoa_plus,ring,dirichlet_0.1,10,2,1,6,46,0.66,0.9261084945347812,0.9437327833321597,1.7105818442752878,19872,0.194
covtype,cocoa_plus,ring,dirichlet_0.1,10,2,1,6,47,0.6686666666666666,0.9495945239018333,0.9674840775828493,1.7610155986707714,20304,0.198
covtype,cocoa_plus,ring,dirichlet_0.1,10,2,1,6,48,0.6345,0.6863750985315062,0.7040038576772429,1.5185016004880545,20736,0.201
covtype,cocoa_plus,ring,dirichlet_0.1,10,2,1,6,49,0.6376666666666667,0.8080768450842016,0.8258636142805927,1.6617396447386579,21168,0.204
covtype,cocoa_plus,ring,dirichlet_0.1,10,2,1,6,50,0.6673333333333333,0.9646299482593219,0.98300774780008,1.8500515730008638,21600,0.21
covtype,cocoa_plus,ring,dirichlet_0.1,10,2,1,6,51,0.6591666666666667,1.0470668946453632,1.0657144368686975,1.9627871972936708,22032,0.214
covtype,cocoa_plus,ring,dirichlet_0.1,10,2,1,6,52,0.64,0.8796676794639212,0.8982729955217225,1.8238295681777354,22464,0.218
covtype,cocoa_plus,ring,dirichlet_0.1,10,2,1,6,53,0.654,1.0506646325922346,1.0697448970860577,2.0174789099471777,22896,0.223
covtype,cocoa_plus,ring,dirichlet_0.1,10,2,1,6,54,0.6503333333333333,0.9504923636966467,0.9697714525216341,1.942553384633861,23328,0.226
covtype,cocoa_plus,ring,dirichlet_0.1,10,2,1,6,55,0.6335,0.8343518529488154,0.853624465356619,1.8515166860535968,23760,0.231
covtype,cocoa_plus,ring,dirichlet_0.1,10,2,1,6,56,0.6658333333333334,0.9832217226896951,1.003213018101878,2.0245014176205927,24192,0.235
covtype,cocoa_plus,ring,dirichlet_0.1,10,2,1,6,57,0.6315,0.7180652485305685,0.7377875258291382,1.7824232518479157,24624,0.237
covtype,cocoa_plus,ring,dirichlet_0.1,10,2,1,6,58,0.6556666666666666,0.9115471814160965,0.9318470035081527,2.004241553001305,25056,0.243
covtype,cocoa_plus,ring,dirichlet_0.1,10,2,1,6,59,0.6366666666666667,0.847986759990667,0.8682055775078283,1.962265024687273,25488,0.248
covtype,cocoa_plus,ring,dirichlet_0.1,10,2,1,6,60,0.6358333333333334,0.6125051113357457,0.6325751556595477,1.7493022461743406,25920,0.25
covtype,cocoa_plus,ring,dirichlet_0.1,10,2,1,7,1,0.4825,0.6036024560325814,0.6038507140928915,0.5865290140449095,432,0.001
covtype,cocoa_plus,ring,dirichlet_0.1,10,2,1,7,2,0.5726666666666667,0.9602985740181501,0.960340293653342,0.9208649671326785,864,0.009
covtype,cocoa_plus,ring,dirichlet_0.1,10,2,1,7,3,0.4825,0.5980281808674875,0.5983115414360612,0.5440859934179796,1296,0.01
covtype,cocoa_plus,ring,dirichlet_0.1,10,2,1,7,4,0.5175,1.096446836645715,1.096584012180916,1.0174789155286499,1728,0.016
covtype,cocoa_plus,ring,dirichlet_0.1,10,2,1,7,5,0.4826666666666667,0.6916761067069744,0.6919437743737505,0.5984377170365935,2160,0.021
covtype,cocoa_plus,ring,dirichlet_0.1,10,2,1,7,6,0.48283333333333334,0.6685317119492125,0.6688570010966528,0.5592494164981201,2592,0.025
covtype,cocoa_plus,ring,dirichlet_0.1,10,2,1,7,7,0.5405,0.8159530872786008,0.816228538008133,0.6920702259710219,3024,0.031
covtype,cocoa_plus,ring,dirichlet_0.1,10,2,1,7,8,0.54,0.7585802865282845,0.7589368740223095,0.6222528531141497,3456,0.036
covtype,cocoa_plus,ring,dirichlet_0.1,10,2,1,7,9,0.4825,0.47937974471620554,0.4800660001162746,0.3340387191140854,3888,0.039
covtype,cocoa_plus,ring,dirichlet_0.1,10,2,1,7,10,0.4825,0.30559406494575037,0.3066012252340321,0.15430822890080287,4320,0.041
covtype,cocoa_plus,ring,dirichlet_0.1,10,2,1,7,11,0.48983333333333334,0.6227248350480291,0.6232811692027095,0.46066285019052383,4752,0.047
covtype,cocoa_plus,ring,dirichlet_0.1,10,2,1,7,12,0.5548333333333333,0.857081867051154,0.8574950182762291,0.6811775533431277,5184,0.05
covtype,cocoa_plus,ring,dirichlet_0.1,10,2,1,7,13,0.483,0.5510631082298907,0.5517381231485607,0.3660491387429651,5616,0.056
covtype,cocoa_plus,ring,dirichlet_0.1,10,2,1,7,14,0.538,0.6971715545684481,0.6977382327483418,0.5013869013359273,6048,0.062
covtype,cocoa_plus,ring,dirichlet_0.1,10,2,1,7,15,0.4825,0.4454661675681077,0.4463785971001439,0.243241749394084,6480,0.064
covtype,cocoa_plus,ring,dirichlet_0.1,10,2,1,7,16,0.5981666666666666,0.9025763835197885,0.9031377157334809,0.6870680148685592,6912,0.07
covtype,cocoa_plus,ring,dirichlet_0.1,10,2,1,7,17,0.5158333333333334,0.6177625846297826,0.6185364199167463,0.3957522515662,7344,0.072
covtype,cocoa_plus,ring,dirichlet_0.1,10,2,1,7,18,0.4825,0.4147228750709137,0.41578009674154875,0.18781550880364828,7776,0.077
covtype,cocoa_plus,ring,dirichlet_0.1,10,2,1,7,19,0.5175,1.759691513275277,1.7613747379663551,1.516703700621878,8208,0.081
covtype,cocoa_plus,ring,dirichlet_0.1,10,2,1,7,20,0.5175,1.1869472527021006,1.1877659193548769,0.9332726216934562,8640,0.084
covtype,cocoa_plus,ring,dirichlet_0.1,10,2,1,7,21,0.5175,1.4206204710899863,1.4219926697806466,1.1570655397114291,9072,0.09
covtype,cocoa_plus,ring,dirichlet_0.1,10,2,1,7,22,0.5175,3.1644456947776116,3.1735660659703053,2.899298029073907,9504,0.095
covtype,cocoa_plus,ring,dirichlet_0.1,10,2,1,7,23,0.5175,2.3444122043138886,2.3490964262446905,2.06688246507255,9936,0.097
covtype,cocoa_plus,ring,dirichlet_0.1,10,2,1,7,24,0.5175,2.6629352659250713,2.669553328424982,2.3824995006240286,10368,0.102
covtype,cocoa_plus,ring,dirichlet_0.1,10,2,1,7,25,0.5175,2.997926063125356,3.00715134408079,2.7169630882186473,10800,0.105
covtype,cocoa_plus,ring,dirichlet_0.1,10,2,1,7,26,0.5175,2.313900444813795,2.3196598916955065,2.0270057192348667,11232,0.11
covtype,cocoa_plus,ring,dirichlet_0.1,10,2,1,7,27,0.5175,4.908947670342419,4.937884866701458,4.644361937317973,11664,0.116
covtype,cocoa_plus,ring,dirichlet_0.1,10,2,1,7,28,0.5175,4.377457054913878,4.400601303786873,4.107442212670201,12096,0.119
covtype,cocoa_plus,ring,dirichlet_0.1,10,2,1,7,29,0.5175,4.743248035561309,4.771465328883395,4.479331135780337,12528,0.125
covtype,cocoa_plus,ring,dirichlet_0.1,10,2,1,7,30,0.5175,4.1246138709060585,4.146265060680333,3.8563860668862375,12960,0.127
covtype,cocoa_plus,ring,dirichlet_0.1,10,2,1,7,31,0.5175,3.615374258797108,3.632569202299653,3.345826173940242,13392,0.131
covtype,cocoa_plus,ring,dirichlet_0.1,10,2,1,7,32,0.5175,4.805176164560665,4.835910932698001,4.552143819514089,13824,0.138
covtype,cocoa_plus,ring,dirichlet_0.1,10,2,1,7,33,0.5175,4.3366529862238306,4.36210756887032,4.081882972409369,14256,0.139
covtype,cocoa_plus,ring,dirichlet_0.1,10,2,1,7,34,0.5175,6.334093497266852,6.388571941425883,6.112442092168413,14688,0.146
covtype,cocoa_plus,ring,dirichlet_0.1,10,2,1,7,35,0.5175,6.566859460528514,6.626184093858621,6.355216607842964,15120,0.149
covtype,cocoa_plus,ring,dirichlet_0.1,10,2,1,7,36,0.5175,6.133669060180949,6.186058052341508,5.920774112910119,15552,0.153
covtype,cocoa_plus,ring,dirichlet_0.1,10,2,1,7,37,0.5175,6.2282936668782645,6.282516354957145,6.022575336781035,15984,0.158
covtype,cocoa_plus,ring,dirichlet_0.1,10,2,1,7,38,0.5175,6.298737049059394,6.354001540647271,6.098247394901691,16416,0.162
covtype,cocoa_plus,ring,dirichlet_0.1,10,2,1,7,39,0.5175,6.040656750756049,6.091765084969544,5.840026408845573,16848,0.164
covtype,cocoa_plus,ring,dirichlet_0.1,10,2,1,7,40,0.5175,6.665787980977455,6.727742859248081,6.479477865799386,17280,0.171
covtype,cocoa_plus,ring,dirichlet_0.1,10,2,1,7,41,0.5175,7.165958295430782,7.237590062286499,6.993754505786816,17712,0.175
covtype,cocoa_plus,ring,dirichlet_0.1,10,2,1,7,42,0.5175,6.940608936935457,7.008184257536921,6.768388892897856,18144,0.176
covtype,cocoa_plus,ring,dirichlet_0.1,10,2,1,7,43,0.5175,7.212213610068126,7.285628531828685,7.049233135497458,18576,0.181
covtype,cocoa_plus,ring,dirichlet_0.1,10,2,1,7,44,0.5175,7.377230043032611,7.4540920802144655,7.222684353447863,19008,0.186
covtype,cocoa_plus,ring,dirichlet_0.1,10,2,1,7,45,0.5175,7.947095981822196,8.036634757206622,7.8098456985692835,19440,0.19
covtype,cocoa_plus,ring,dirichlet_0.1,10,2,1,7,46,0.5175,7.764168503115006,7.849791171381303,7.626833331785873,19872,0.193
covtype,cocoa_plus,ring,dirichlet_0.1,10,2,1,7,47,0.5175,7.939915456425653,8.029475056182847,7.8106556125666655,20304,0.196
covtype,cocoa_plus,ring,dirichlet_0.1,10,2,1,7,48,0.5175,8.107068547724547,8.200409421442808,7.985790279862802,20736,0.2
covtype,cocoa_plus,ring,dirichlet_0.1,10,2,1,7,49,0.5175,8.292538156576612,8.390249622829415,8.177978864413198,21168,0.206
covtype,cocoa_plus,ring,dirichlet_0.1,10,2,1,7,50,0.5175,9.007750778100108,9.12285972257576,8.913081314779616,21600,0.211
covtype,cocoa_plus,ring,dirichlet_0.1,10,2,1,7,51,0.5175,8.87789906422791,8.989673218235344,8.78258920043399,22032,0.213
covtype,cocoa_plus,ring,dirichlet_0.1,10,2,1,7,52,0.5175,8.680551663124886,8.787563167596188,8.585210073831085,22464,0.217
covtype,cocoa_plus,ring,dirichlet_0.1,10,2,1,7,53,0.5175,8.514127446098895,8.6174758800703,8.419190743025599,22896,0.222
covtype,cocoa_plus,ring,dirichlet_0.1,10,2,1,7,54,0.5175,8.669857046190925,8.776741846088596,8.581619099671366,23328,0.224
covtype,cocoa_plus,ring,dirichlet_0.1,10,2,1,7,55,0.5175,9.131276239313614,9.249815237380993,9.058776808661639,23760,0.231
covtype,cocoa_plus,ring,dirichlet_0.1,10,2,1,7,56,0.5175,8.969822276213234,9.0845017990256,8.897535666620607,24192,0.234
covtype,cocoa_plus,ring,dirichlet_0.1,10,2,1,7,57,0.5175,9.155291309380278,9.274763187193617,9.09052387229467,24624,0.238
covtype,cocoa_plus,ring,dirichlet_0.1,10,2,1,7,58,0.5175,9.74451042680006,9.879829466025638,9.697828749026081,25056,0.243
covtype,cocoa_plus,ring,dirichlet_0.1,10,2,1,7,59,0.5175,9.673651337422898,9.807014882363847,9.626904983199578,25488,0.246
covtype,cocoa_plus,ring,dirichlet_0.1,10,2,1,7,60,0.5175,9.837063769179451,9.975037852603066,9.797982701889756,25920,0.251
covtype,cocoa_plus,ring,dirichlet_0.1,10,2,1,8,1,0.4825,nan,nan,nan,432,0.002
covtype,cocoa_plus,ring,dirichlet_0.1,10,2,1,8,2,0.4825,nan,nan,nan,864,0.007
covtype,cocoa_plus,ring,dirichlet_0.1,10,2,1,8,3,0.4825,nan,nan,nan,1296,0.014
covtype,cocoa_plus,ring,dirichlet_0.1,10,2,1,8,4,0.4825,nan,nan,nan,1728,0.018
covtype,cocoa_plus,ring,dirichlet_0.1,10,2,1,8,5,0.4825,nan,nan,nan,2160,0.02
covtype,cocoa_plus,ring,dirichlet_0.1,10,2,1,8,6,0.4825,nan,nan,nan,2592,0.025
covtype,cocoa_plus,ring,dirichlet_0.1,10,2,1,8,7,0.4825,nan,nan,nan,3024,0.032
covtype,cocoa_plus,ring,dirichlet_0.1,10,2,1,8,8,0.4825,nan,nan,nan,3456,0.033
covtype,cocoa_plus,ring,dirichlet_0.1,10,2,1,8,9,0.4825,nan,nan,nan,3888,0.036
covtype,cocoa_plus,ring,dirichlet_0.1,10,2,1,8,10,0.4825,nan,nan,nan,4320,0.043
covtype,cocoa_plus,ring,dirichlet_0.1,10,2,1,8,11,0.4825,nan,nan,nan,4752,0.047
covtype,cocoa_plus,ring,dirichlet_0.1,10,2,1,8,12,0.4825,nan,nan,nan,5184,0.053
covtype,cocoa_plus,ring,dirichlet_0.1,10,2,1,8,13,0.4825,nan,nan,nan,5616,0.056
covtype,cocoa_plus,ring,dirichlet_0.1,10,2,1,8,14,0.4825,nan,nan,nan,6048,0.058
covtype,cocoa_plus,ring,dirichlet_0.1,10,2,1,8,15,0.4825,nan,nan,nan,6480,0.065
covtype,cocoa_plus,ring,dirichlet_0.1,10,2,1,8,16,0.4825,nan,nan,nan,6912,0.068
covtype,cocoa_plus,ring,dirichlet_0.1,10,2,1,8,17,0.4825,nan,nan,nan,7344,0.072
covtype,cocoa_plus,ring,dirichlet_0.1,10,2,1,8,18,0.4825,nan,nan,nan,7776,0.079
covtype,cocoa_plus,ring,dirichlet_0.1,10,2,1,8,19,0.4825,nan,nan,nan,8208,0.08
covtype,cocoa_plus,ring,dirichlet_0.1,10,2,1,8,20,0.4825,nan,nan,nan,8640,0.083
covtype,cocoa_plus,ring,dirichlet_0.1,10,2,1,8,21,0.4825,nan,nan,nan,9072,0.09
covtype,cocoa_plus,ring,dirichlet_0.1,10,2,1,8,22,0.4825,nan,nan,nan,9504,0.095
covtype,cocoa_plus,ring,dirichlet_0.1,10,2,1,8,23,0.4825,nan,nan,nan,9936,0.099
covtype,cocoa_plus,ring,dirichlet_0.1,10,2,1,8,24,0.4825,nan,nan,nan,10368,0.101
covtype,cocoa_plus,ring,dirichlet_0.1,10,2,1,8,25,0.4825,nan,nan,nan,10800,0.108
covtype,cocoa_plus,ring,dirichlet_0.1,10,2,1,8,26,0.4825,nan,nan,nan,11232,0.11
covtype,cocoa_plus,ring,dirichlet_0.1,10,2,1,8,27,0.4825,nan,nan,nan,11664,0.116
covtype,cocoa_plus,ring,dirichlet_0.1,10,2,1,8,28,0.4825,nan,nan,nan,12096,0.119
covtype,cocoa_plus,ring,dirichlet_0.1,10,2,1,8,29,0.4825,nan,nan,nan,12528,0.125
covtype,cocoa_plus,ring,dirichlet_0.1,10,2,1,8,30,0.4825,nan,nan,nan,12960,0.129
covtype,cocoa_plus,ring,dirichlet_0.1,10,2,1,8,31,0.4825,nan,nan,nan,13392,0.132
covtype,cocoa_plus,ring,dirichlet_0.1,10,2,1,8,32,0.4825,nan,nan,nan,13824,0.138
covtype,cocoa_plus,ring,dirichlet_0.1,10,2,1,8,33,0.4825,nan,nan,nan,14256,0.139
covtype,cocoa_plus,ring,dirichlet_0.1,10,2,1,8,34,0.4825,nan,nan,nan,14688,0.142
covtype,cocoa_plus,ring,dirichlet_0.1,10,2,1,8,35,0.4825,nan,nan,nan,15120,0.149
covtype,cocoa_plus,ring,dirichlet_0.1,10,2,1,8,36,0.4825,nan,nan,nan,15552,0.154
covtype,cocoa_plus,ring,dirichlet_0.1,10,2,1,8,37,0.4825,nan,nan,nan,15984,0.157
covtype,cocoa_plus,ring,dirichlet_0.1,10,2,1,8,38,0.4825,nan,nan,nan,16416,0.161
covtype,cocoa_plus,ring,dirichlet_0.1,10,2,1,8,39,0.4825,nan,nan,nan,16848,0.165
covtype,cocoa_plus,ring,dirichlet_0.1,10,2,1,8,40,0.4825,nan,nan,nan,17280,0.171
covtype,cocoa_plus,ring,dirichlet_0.1,10,2,1,8,41,0.4825,nan,nan,nan,17712,0.173
covtype,cocoa_plus,ring,dirichlet_0.1,10,2,1,8,42,0.4825,nan,nan,nan,18144,0.177
covtype,cocoa_plus,ring,dirichlet_0.1,10,2,1,8,43,0.4825,nan,nan,nan,18576,0.179
covtype,cocoa_plus,ring,dirichlet_0.1,10,2,1,8,44,0.4825,nan,nan,nan,19008,0.186
covtype,cocoa_plus,ring,dirichlet_0.1,10,2,1,8,45,0.4825,nan,nan,nan,19440,0.19
covtype,cocoa_plus,ring,dirichlet_0.1,10,2,1,8,46,0.4825,nan,nan,nan,19872,0.195
covtype,cocoa_plus,ring,dirichlet_0.1,10,2,1,8,47,0.4825,nan,nan,nan,20304,0.198
covtype,cocoa_plus,ring,dirichlet_0.1,10,2,1,8,48,0.4825,nan,nan,nan,20736,0.202
covtype,cocoa_plus,ring,dirichlet_0.1,10,2,1,8,49,0.4825,nan,nan,nan,21168,0.207
covtype,cocoa_plus,ring,dirichlet_0.1,10,2,1,8,50,0.4825,nan,nan,nan,21600,0.209
covtype,cocoa_plus,ring,dirichlet_0.1,10,2,1,8,51,0.4825,nan,nan,nan,22032,0.215
covtype,cocoa_plus,ring,dirichlet_0.1,10,2,1,8,52,0.4825,nan,nan,nan,22464,0.219
covtype,cocoa_plus,ring,dirichlet_0.1,10,2,1,8,53,0.4825,nan,nan,nan,22896,0.221
covtype,cocoa_plus,ring,dirichlet_0.1,10,2,1,8,54,0.4825,nan,nan,nan,23328,0.227
covtype,cocoa_plus,ring,dirichlet_0.1,10,2,1,8,55,0.4825,nan,nan,nan,23760,0.231
covtype,cocoa_plus,ring,dirichlet_0.1,10,2,1,8,56,0.4825,nan,nan,nan,24192,0.235
covtype,cocoa_plus,ring,dirichlet_0.1,10,2,1,8,57,0.4825,nan,nan,nan,24624,0.237
covtype,cocoa_plus,ring,dirichlet_0.1,10,2,1,8,58,0.4825,nan,nan,nan,25056,0.241
covtype,cocoa_plus,ring,dirichlet_0.1,10,2,1,8,59,0.4825,nan,nan,nan,25488,0.246
covtype,cocoa_plus,ring,dirichlet_0.1,10,2,1,8,60,0.4825,nan,nan,nan,25920,0.25
covtype,cocoa_plus,ring,dirichlet_0.1,10,2,1,9,1,0.5175,0.6583774237438483,0.6585806902217591,0.4824478501683113,432,0.004
covtype,cocoa_plus,ring,dirichlet_0.1,10,2,1,9,2,0.5175,0.4302806870209636,0.43085017773682494,0.11750891384391121,864,0.006
covtype,cocoa_plus,ring,dirichlet_0.1,10,2,1,9,3,0.5175,0.28430559575463155,0.28520048469908976,-0.10653599829086369,1296,0.012
covtype,cocoa_plus,ring,dirichlet_0.1,10,2,1,9,4,0.5175,0.19199350651677372,0.19312778442024858,-0.24458212189768586,1728,0.015
covtype,cocoa_plus,ring,dirichlet_0.1,10,2,1,9,5,0.5175,0.13188119537662454,0.1331930185202483,-0.33679365410153794,2160,0.019
covtype,cocoa_plus,ring,dirichlet_0.1,10,2,1,9,6,0.5175,0.09962193940570828,0.10103739372259256,-0.38600831222743215,2592,0.026
covtype,cocoa_plus,ring,dirichlet_0.1,10,2,1,9,7,0.5175,0.07835593296606232,0.07985504251830418,-0.42096120146021937,3024,0.032
covtype,cocoa_plus,ring,dirichlet_0.1,10,2,1,9,8,0.5175,0.06836839985735543,0.06991575005631723,-0.4393196079739633,3456,0.034
covtype,cocoa_plus,ring,dirichlet_0.1,10,2,1,9,9,0.5175,0.06217804580241741,0.06375840475097598,-0.45074704735510923,3888,0.04
covtype,cocoa_plus,ring,dirichlet_0.1,10,2,1,9,10,0.5175,0.05798113178369929,0.059584830374469655,-0.4589235702534689,4320,0.044
covtype,cocoa_plus,ring,dirichlet_0.1,10,2,1,9,11,0.5175,0.05565184956854195,0.05726942754322649,-0.4634755519822903,4752,0.046
covtype,cocoa_plus,ring,dirichlet_0.1,10,2,1,9,12,0.5175,0.05546006618394787,0.05707859177935208,-0.46399568445998535,5184,0.053
covtype,cocoa_plus,ring,dirichlet_0.1,10,2,1,9,13,0.5175,0.05439421301387113,0.05601888720091295,-0.4660432466839798,5616,0.054
covtype,cocoa_plus,ring,dirichlet_0.1,10,2,1,9,14,0.5175,0.054643228940558265,0.056266388447847794,-0.46561717137897696,6048,0.059
covtype,cocoa_plus,ring,dirichlet_0.1,10,2,1,9,15,0.5175,0.05290041020003707,0.05453457584468276,-0.46897667278916694,6480,0.065
covtype,cocoa_plus,ring,dirichlet_0.1,10,2,1,9,16,0.5175,0.05278978374560313,0.0544246031786962,-0.4692109284090276,6912,0.07
covtype,cocoa_plus,ring,dirichlet_0.1,10,2,1,9,17,0.5175,0.052354763931290904,0.05399240061517219,-0.47005149777604405,7344,0.074
covtype,cocoa_plus,ring,dirichlet_0.1,10,2,1,9,18,0.5175,0.0520496523857996,0.05368924182028921,-0.4706369736747469,7776,0.079
covtype,cocoa_plus,ring,dirichlet_0.1,10,2,1,9,19,0.5175,0.05042294397537128,0.05207378425222353,-0.4738947504254637,8208,0.082
covtype,cocoa_plus,ring,dirichlet_0.1,10,2,1,9,20,0.5175,0.05065393593685214,0.05230309180041288,-0.4734252773057838,8640,0.087
covtype,cocoa_plus,ring,dirichlet_0.1,10,2,1,9,21,0.5175,0.05050367319936155,0.05215388611404447,-0.47372714306748887,9072,0.089
covtype,cocoa_plus,ring,dirichlet_0.1,10,2,1,9,22,0.5175,0.05068617926155367,0.05233498902236262,-0.4733603823851222,9504,0.093
covtype,cocoa_plus,ring,dirichlet_0.1,10,2,1,9,23,0.5175,0.05120483425804646,0.05284991127797634,-0.47232305846753664,9936,0.1
covtype,cocoa_plus,ring,dirichlet_0.1,10,2,1,9,24,0.5175,0.0507959904425126,0.0524439295331296,-0.47314974420648614,10368,0.103
covtype,cocoa_plus,ring,dirichlet_0.1,10,2,1,9,25,0.5175,0.05085615048543668,0.052503681656766,-0.4730499562035616,10800,0.108
covtype,cocoa_plus,ring,dirichlet_0.1,10,2,1,9,26,0.5175,0.050276645495875565,0.05192832291530707,-0.47422335495279017,11232,0.111
covtype,cocoa_plus,ring,dirichlet_0.1,10,2,1,9,27,0.5175,0.050634016018398086,0.05228310634013263,-0.47349902512178216,11664,0.114
covtype,cocoa_plus,ring,dirichlet_0.1,10,2,1,9,28,0.5175,0.05078390846394224,0.052431973865183425,-0.4732158370506035,12096,0.118
covtype,cocoa_plus,ring,dirichlet_0.1,10,2,1,9,29,0.5175,0.05068966192739426,0.05233837878877639,-0.4734035284660318,12528,0.125
covtype,cocoa_plus,ring,dirichlet_0.1,10,2,1,9,30,0.5175,0.05062658192893167,0.05227574349684318,-0.4735300218251737,12960,0.129
covtype,cocoa_plus,ring,dirichlet_0.1,10,2,1,9,31,0.5175,0.05058067160291982,0.052230152381643774,-0.47362155021797125,13392,0.131
covtype,cocoa_plus,ring,dirichlet_0.1,10,2,1,9,32,0.5175,0.05087489059960241,0.052522299884089775,-0.4730329917694445,13824,0.135
covtype,cocoa_plus,ring,dirichlet_0.1,10,2,1,9,33,0.5175,0.051067744981230435,0.05271381933122241,-0.47265055940291456,14256,0.14
covtype,cocoa_plus,ring,dirichlet_0.1,10,2,1,9,34,0.5175,0.05101203132158021,0.052658488328735036,-0.47276105188868706,14688,0.143
covtype,cocoa_plus,ring,dirichlet_0.1,10,2,1,9,35,0.5175,0.051152243327405755,0.052797710571494405,-0.4724812622349386,15120,0.147
covtype,cocoa_plus,ring,dirichlet_0.1,10,2,1,9,36,0.5175,0.05115613535019009,0.05280157581875472,-0.47247356436629734,15552,0.152
covtype,cocoa_plus,ring,dirichlet_0.1,10,2,1,9,37,0.5175,0.05123730191563529,0.052882208154288055,-0.47231657443606573,15984,0.157
covtype,cocoa_plus,ring,dirichlet_0.1,10,2,1,9,38,0.5175,0.05120437020946239,0.052849488440416204,-0.47237977242380697,16416,0.161
covtype,cocoa_plus,ring,dirichlet_0.1,10,2,1,9,39,0.5175,0.05123098323999253,0.052875917767568496,-0.47232754503603247,16848,0.166
covtype,cocoa_plus,ring,dirichlet_0.1,10,2,1,9,40,0.5175,0.05106863999066158,0.052714677320581216,-0.47264750704035663,17280,0.167
covtype,cocoa_plus,ring,dirichlet_0.1,10,2,1,9,41,0.5175,0.05116659807185409,0.05281195495421765,-0.47245276804747993,17712,0.173
covtype,cocoa_plus,ring,dirichlet_0.1,10,2,1,9,42,0.5175,0.05116842403738857,0.05281376788123608,-0.4724492535485912,18144,0.177
covtype,cocoa_plus,ring,dirichlet_0.1,10,2,1,9,43,0.5175,0.0510956608940234,0.05274150299544833,-0.472593278091779,18576,0.18
covtype,cocoa_plus,ring,dirichlet_0.1,10,2,1,9,44,0.5175,0.05109432643856443,0.05274017331301756,-0.47259534785913176,19008,0.185
covtype,cocoa_plus,ring,dirichlet_0.1,10,2,1,9,45,0.5175,0.0510401116613428,0.052686326175382256,-0.4727021678551796,19440,0.19
covtype,cocoa_plus,ring,dirichlet_0.1,10,2,1,9,46,0.5175,0.05118070889136845,0.05282597089524472,-0.472426074776824,19872,0.192
covtype,cocoa_plus,ring,dirichlet_0.1,10,2,1,9,47,0.5175,0.05122219683179274,0.05286717082416281,-0.4723439180001272,20304,0.199
covtype,cocoa_plus,ring,dirichlet_0.1,10,2,1,9,48,0.5175,0.05126081180831521,0.05290553818529575,-0.4722703250787528,20736,0.2
covtype,cocoa_plus,ring,dirichlet_0.1,10,2,1,9,49,0.5175,0.05123105712789435,0.05287596976938982,-0.47232686098593246,21168,0.206
covtype,cocoa_plus,ring,dirichlet_0.1,10,2,1,9,50,0.5175,0.051100274210440964,0.052746069629321844,-0.4725838722595549,21600,0.211
covtype,cocoa_plus,ring,dirichlet_0.1,10,2,1,9,51,0.5175,0.051101217476420005,0.05274701021774848,-0.4725828839621031,22032,0.213
covtype,cocoa_plus,ring,dirichlet_0.1,10,2,1,9,52,0.5175,0.051020757318447,0.05266710047141707,-0.4727419794105774,22464,0.216
covtype,cocoa_plus,ring,dirichlet_0.1,10,2,1,9,53,0.5175,0.05106203628809992,0.05270808432822916,-0.4726589264148896,22896,0.223
covtype,cocoa_plus,ring,dirichlet_0.1,10,2,1,9,54,0.5175,0.051170145029730114,0.05281544836104563,-0.47244497454988504,23328,0.225
covtype,cocoa_plus,ring,dirichlet_0.1,10,2,1,9,55,0.5175,0.05122458426692857,0.05286950726938768,-0.4723365078036117,23760,0.229
covtype,cocoa_plus,ring,dirichlet_0.1,10,2,1,9,56,0.5175,0.05120276164014081,0.05284783097665945,-0.4723792298620968,24192,0.234
covtype,cocoa_plus,ring,dirichlet_0.1,10,2,1,9,57,0.5175,0.05114622722853679,0.05279168760412145,-0.47249171582053906,24624,0.239
covtype,cocoa_plus,ring,dirichlet_0.1,10,2,1,9,58,0.5175,0.051161165601537086,0.05280651899144099,-0.4724616623801338,25056,0.242
covtype,cocoa_plus,ring,dirichlet_0.1,10,2,1,9,59,0.5175,0.05109336633696033,0.05273918364192171,-0.4725957787679324,25488,0.247
covtype,cocoa_plus,ring,dirichlet_0.1,10,2,1,9,60,0.5175,0.051122131132022595,0.05276775437264249,-0.47253963178826563,25920,0.251
